t1,t2,t3
1.目次,,
2.労働基準法解釈総覧,,
3.労働基準法解釈総覧・総目次,,
4.第一章総則,,
5.第一章第一条,労働条件の原則,四九
6.第一章第一条解釈例規,,
7.第一章第一条(1),趣旨,五〇
8.第一章第一条(1),趣旨,五〇
9.第一章第一条(2),人たるに値する生活,五〇
10.第一章第一条(2),人たるに値する生活,五〇
11.第一章第一条(2),標準家族,五〇
12.第一章第一条(3),労働条件の低下,五〇
13.第一章第一条(3),労働条件の低下,五〇
14.第一章第一条(3),有給休暇の日数,五〇
15.第一章第一条(3),女性保護基準の改正と労働条件の改定,五〇
16.第一章第二条,労働条件の決定,五一
17.第一章第二条解釈例規,,
18.第一章第二条,第二条と監督機関,五一
19.第一章第三条,均等待遇,五一
20.第一章第三条解釈例規,,
21.第一章第三条,信条又は社会的身分,五一
22.第一章第三条,その他の労働条件の意義,五一
23.第一章第四条,男女同一賃金の原則,五二
24.第一章第四条解釈例規,,
25.第一章第四条,趣旨,五二
26.第一章第四条,女性であることを理由,五二
27.第一章第四条,差別待遇を定める就業規則,五二
28.第一章第四条,差別的取扱い,五二
29.第一章第四条,家族手当等,五二
30.第一章第四条,男女間で異なる昇格基準,五三
31.第一章第五条,強制労働の禁止,五三
32.第一章第五条解釈例規,,
33.第一章第五条,趣旨,五三
34.第一章第五条,精神又は身体の自由を不当に拘束する手段,五三
35.第一章第五条,意思に反する労働の強制,五四
36.第一章第六条,中間搾取の排除,五五
37.第一章第六条解釈例規,,
38.第一章第六条,趣旨,五五
39.第一章第六条,三者の関係,五五
40.第一章第六条,何人もの範囲,五五
41.第一章第六条,業として利益を得るの意義,五五
42.第一章第六条,被害者の数,五五
43.第一章第六条,就業,五五
44.第一章第六条,介入,五六
45.第一章第六条,労働者派遣,五六
46.第一章第六条,法律に基いて許される場合,五六
47.第一章第六条,法人の従業者の中間搾取,五六
48.第一章第七条,公民権行使の保障,五七
49.第一章第七条解釈例規,,
50.第一章第七条,公民権行使の範囲,五七
51.第一章第七条,公の職務,五七
52.第一章第七条,公民権行使の時間の給与,五八
53.第一章第七条,時間外に公民権を行使すべき命令,五八
54.第一章第八条,削除,五八
55.第一章第九条,定義,五九
56.第一章第九条解釈例規,,
57.第一章第九条(1),運用の方針,五九
58.第一章第九条(1),運用の基本方針,五九
59.第一章第九条(1),許認可等の手続,五九
60.第一章第九条(1),生命保険会社の支部、営業所,六〇
61.第一章第九条(1),建設現場,六〇
62.第一章第九条(1),新聞社の地方通信機関,六〇
63.第一章第九条(1),一定期間で作業所が移動する場合,六一
64.第一章第九条(1),派遣労働者に係る適用事業の区分,六一
65.第一章第九条(2),適用事業又は事務所の範囲,六一
66.第一章第九条(2),海外派遣労働者に対する法の適用,六一
67.第一章第九条(2),宗教団体,六二
68.第一章第九条(3),各形態における労働関係,六二
69.第一章第九条(3)イ,請負,六二
70.第一章第九条(3),新聞配達人,六二
71.第一章第九条(3),新聞配達に従事する児童,六二
72.第一章第九条(3),大工,六二
73.第一章第九条(3),バイシクルメッセンジャー及びバイクライダーの労働者性について,六三
74.第一章第九条(3)ロ,委任,六六
75.第一章第九条(3),生命保険の外務員,六六
76.第一章第九条(3),消防団員,六六
77.第一章第九条(3)ハ,共同経営等,六七
78.第一章第九条(3),共同経営の事業,六七
79.第一章第九条(3),競輪選手,六七
80.第一章第九条(3),いわゆる芸能タレント,六七
81.第一章第九条(3),あんま師、はり灸師,六七
82.第一章第九条(4),施設等に収容される者,六九
83.第一章第九条(4),受刑者,六九
84.第一章第九条(4),家庭裁判所から補導を委託された非行少年,六九
85.第一章第九条(4),障害者自立支援法に基づく就労継続支援により作業を行う障害者に対する労働基準法の適用等について,七三
86.第一章第九条(4),授産施設、小規模作業所等において作業に従事する障害者に対する労働基準法第九条の適用について,七三
87.第一章第九条(4),院外作業に従事する入院患者,七五
88.第一章第九条(5),法人等の役員,七七
89.第一章第九条(5),法人、団体又は組合の執行機関,七七
90.第一章第九条(5),職員を兼ねる重役,七七
91.第一章第九条(6),学生,七八
92.第一章第九条(6),商船大学等の実習生,七八
93.第一章第九条(6),看護婦見習,七九
94.第一章第九条(6),看護婦養成所の生徒,七九
95.第一章第九条(6),インターンシップにおける学生の労働者性,七九
96.第一章第九条(7),その他,七九
97.第一章第九条(7),組合専従職員の労働関係,七九
98.第一章第九条(7),放送協会に専属の管弦楽団、合唱団、劇団、効果団,八〇
99.第一章第九条(7),地労委委員,八〇
100.第一章第九条(7),調教師、厩務員間の労働関係,八〇
101.第一章第九条(7),市町村の固定資産評価員,八二
102.第一章第九条(7),鳥獣保護員,八三
103.第一章第九条(7),委託契約による学校用務員等,八三
104.第一章第十条,(使用者の定義),八七
105.第一章第十条解釈例規,,
106.第一章第十条,使用者の意義,八七
107.第一章第十条,下請負人,八七
108.第一章第十条,出向の場合,八七
109.第一章第十条,高分子原料開発研究組合,八七
110.第一章第十条,事務代理の懈怠と罰則の適用について,九〇
111.第一章第十条,在日米軍に対する労働基準法の適用,九〇
112.第一章第十条,施設区域内における特需契約事業場への調査立入に関する件,九一
113.第一章第十条,日本万国博覧会場工事、展示館等,九二
114.第一章第十一条,(賃金の定義),九三
115.第一章第十一条解釈例規,,
116.第一章第十一条(1),賃金の意義,九三
117.第一章第十一条(1),賃金の意義,九三
118.第一章第十一条(1),実物給与,九三
119.第一章第十一条(1),ストック・オプション,九四
120.第一章第十一条(1),栄養食品又は保健薬品の支給,九四
121.第一章第十一条(1),通勤定期乗車券,九四
122.第一章第十一条(1),スト妥結の一時金,九六
123.第一章第十一条(1),チップ,九六
124.第一章第十一条(1),法定の額を超える休業補償費,九六
125.第一章第十一条(1),私有自動車を社用に提供する場合の維持費,九六
126.第一章第十一条(1),役職員交際費,九七
127.第一章第十一条(2),福利厚生施設との関係,九七
128.第一章第十一条(2),食事の供与,九七
129.第一章第十一条(2),昼食料補助等,九七
130.第一章第十一条(2),所得税等の事業主負担,九七
131.第一章第十一条(2),育児休業期間中の賃金等,九八
132.第一章第十一条(3),企業設備等との関係,九八
133.第一章第十一条(3),制服等,九八
134.第一章第十一条(3),作業用品代,九八
135.第一章第十一条(3),乗務日当,九八
136.第一章第十一条(3),チェンソーの損料,一〇〇
137.第一章第十二条,(平均賃金),一〇〇
138.第一章第十二条,則第二条、第三条、第四条,一〇一
139.第一章第十二条,告示第五号(昭二四・四),一〇一
140.第一章第十二条,第五二号(昭三八・一〇),一〇二
141.第一章第十二条解釈例規,,
142.第一章第十二条(1),算定期間,一〇二
143.第一章第十二条(1)イ,算定事由発生日,一〇二
144.第一章第十二条(1),算定すべき事由の発生した日,一〇二
145.第一章第十二条(1),解雇日の繰り上げと算定事由発生日,一〇三
146.第一章第十二条(1),法第九十一条の規定における平均賃金算定起算日,一〇三
147.第一章第十二条(1),所定労働時間が二暦日にわたる勤務を行う労働者に係る平均賃金の算定,一〇三
148.第一章第十二条(1),賃金ベース変更の場合の平均賃金,一〇四
149.第一章第十二条(1),転勤後業務上疾病の再発した場合の平均賃金,一〇五
150.第一章第十二条(1),賃金水準の変動,一〇五
151.第一章第十二条(1)ロ,賃金締切日がある場合の起算日,一〇六
152.第一章第十二条(1),賃金締切日,一〇六
153.第一章第十二条(1),手当等が遅れる場合の平均賃金算定の基礎,一〇六
154.第一章第十二条(1),賃金締切日の変更と平均賃金の算定,一〇六
155.第一章第十二条(1),平均賃金算定の際の賃金締切日,一〇六
156.第一章第十二条(1)ハ,控除期間,一〇六
157.第一章第十二条(1),教習中の期間,一〇六
158.第一章第十二条(1),一部休業と平均賃金の算定,一〇六
159.第一章第十二条(1),昭和二十二年九月十三日発基第一七号・法第十二条関係四の第二項平均賃金の基準,一〇七
160.第一章第十二条(1),算定期間中に使用者の責めに帰すべき事由によって休業した期間がある場合の平均賃金の算定,一〇八
161.第一章第十二条(1)ニ,施行規則第四条の運用,一〇八
162.第一章第十二条(1),施行規則第四条の基準,一〇八
163.第一章第十二条(1),施行規則第四条の取り扱い,一〇八
164.第一章第十二条(1)ホ,雇い入れ後三カ月未満の場合,一〇八
165.第一章第十二条(1),新設会社へ転籍後三カ月に満たない場合の平均賃金の算定,一〇八
166.第一章第十二条(1),定年退職後継続して再雇用された者の再雇用後三カ月に満たない場合の平均賃金の算定,一〇九
167.第一章第十二条(1),三カ月未満の者,一〇九
168.第一章第十二条(1),雇入後三カ月に満たない者の平均賃金の算定,一〇九
169.第一章第十二条(1),平均賃金の算定,一一〇
170.第一章第十二条(1),新規学卒採用内定者の自宅待機と平均賃金の算定,一一一
171.第一章第十二条(2),算定の基礎となる賃金,一一一
172.第一章第十二条(2)イ,算定基礎賃金の範囲,一一一
173.第一章第十二条(2),施行規則第二条による評価の基準,一一一
174.第一章第十二条(2),賃金の総額,一一一
175.第一章第十二条(2),年次有給休暇の賃金,一一二
176.第一章第十二条(2),通勤手当,一一二
177.第一章第十二条(2),休電日の休業手当,一一二
178.第一章第十二条(2),積立金,一一二
179.第一章第十二条(2),二重雇用関係にある者の平均賃金,一一二
180.第一章第十二条(2),通勤定期乗車券,一一三
181.第一章第十二条(2),事由発生後に遡つてベースアップされた場合の基礎賃金,一一三
182.第一章第十二条(2),新旧賃金の差額の取り扱い,一一四
183.第一章第十二条(2),銭位未満の端数,一一四
184.第一章第十二条(2),月給者の有給休暇の平均賃金,一一四
185.第一章第十二条(2),年俸制適用労働者に係る割増賃金及び平均賃金の算定について,一一四
186.第一章第十二条(2)ロ,算定基礎から除外される賃金,一一六
187.第一章第十二条(2),臨時に支払われた賃金,一一六
188.第一章第十二条(2),私傷病手当,一一六
189.第一章第十二条(2),病気欠勤した月給日給者の平均賃金の算定方法と加療見舞金の取り扱い,一一六
190.第一章第十二条(2),寒冷地手当、石炭手当及び薪炭手当,一一八
191.第一章第十二条(2),褒賞金,一一八
192.第一章第十二条(2),冬営手当,一一九
193.第一章第十二条(3),常用労働者についての特例的な計算方法,一二〇
194.第一章第十二条(3),昭和二十四年労働省告示第五号の運用,一二〇
195.第一章第十二条(3),昭和二十四年労働省告示第五号第二条に基づく平均賃金の決定(1),一二一
196.第一章第十二条(3),昭和二十四年労働省告示第五号第二条に基づく平均賃金の決定(2),一二六
197.第一章第十二条(3),三カ月未満の者に対して、一賃金締切期間に満たない期間の就労に対して月によつて定められた賃金が減額されずに支払われる場合の平均賃金の算定,一二七
198.第一章第十二条(3),私病直後の事故の場合における平均賃金の算定,一二八
199.第一章第十二条(3),請負給制によつて使用される漁業及び林業労働者の平均賃金,一二九
200.第一章第十二条(3),業務上疾病にかかつた林業労働者の離職時の賃金額が不明である場合の平均賃金の算定,一三一
201.第一章第十二条(3),業務上疾病にかかつた労働者の離職時の賃金額が不明な場合の平均賃金の算定,一三一
202.第一章第十二条(3),掘削・発破工の平均賃金の算定,一三三
203.第一章第十二条(3),けい肺症発生日の取扱い,一三四
204.第一章第十二条(3),じん肺にかかつた労働者の平均賃金の算定,一三四
205.第一章第十二条(3),業務上疾病にかかつた労働者の平均賃金の算定,一三四
206.第一章第十二条(3),雇い入れ後の期間の短い者,一三五
207.第一章第十二条(3),いわゆる月給日給制の場合の平均賃金の算定,一三五
208.第一章第十二条(3),平均賃金の算定期間,一三六
209.第一章第十二条(3),三カ月間の私病欠勤の場合の平均賃金の算定,一三七
210.第一章第十二条(3),休業後出勤直後の平均賃金の算定,一三八
211.第一章第十二条(3),休業直後の事故による平均賃金の算定,一三九
212.第一章第十二条(3),試の使用期間を経て本採用された後に平均賃金の算定事由が発生した場合であつて、労働基準法第十二条第一項から第三項によれば算定期間がすべて試の使用期間に当たる場合の平均賃金の算定,一四一
213.第一章第十二条(3),組合専従者の平均賃金算定と賃金締切日,一四三
214.第一章第十二条(3),組合専従者の平均賃金算定方法,一四三
215.第一章第十二条(3),組合専従者が復帰した場合の平均賃金,一四四
216.第一章第十二条(3),組合専従期間中の平均賃金算定,一四四
217.第一章第十二条(3),非専従組合員が臨時に組合用務に就いた期間中の平均賃金算定上の取り扱い,一四四
218.第一章第十二条(3),平均賃金算定期間中の争議行為期間の取り扱い,一四五
219.第一章第十二条(3),平均賃金算定期間中の育児休業の取り扱い,一四五
220.第一章第十二条(4),日雇労働者の平均賃金,一四五
221.第一章第十二条(4),昭和三十八年労働省告示第五十二号(日日雇い入れられる者の平均賃金を定める告示)の運用,一四五
222.第二章労働契約,,
223.第二章第十三条,この法律違反の契約,一四八
224.第二章第十四条,契約期間等,一四八
225.第二章第十四条,法第百三十七条,一四八
226.第二章第十四条,告示第三五六号(平一五・一〇),一四九
227.第二章第十四条,第三五七号(平一五・一〇),一五〇
228.第二章第十四条解釈例規,,
229.第二章第十四条,趣旨,一五〇
230.第二章第十四条,特例の対象,一五一
231.第二章第十四条,有期労働契約についての暫定措置,一五四
232.第二章第十四条,有期労働契約の締結、更新及び雇止めに関する基準,一五四
233.第二章第十四条,有期労働契約の締結、更新及び雇止めに関する基準の一部改正について,一五五
234.第二章第十四条,罰則の適用,一五六
235.第二章第十四条,美容見習の服務義務,一五六
236.第二章第十五条,労働条件の明示,一五七
237.第二章第十五条,則第五条,一五七
238.第二章第十五条解釈例規,,
239.第二章第十五条(1),労働条件の明示,一五八
240.第二章第十五条(1),賃金に関する事項以外の書面の交付により明示すべき事項,一五八
241.第二章第十五条(1),書面明示の方法,一五八
242.第二章第十五条(1),施行規則第五条第一項の趣旨,一五八
243.第二章第十五条(1),労働基準法施行規則等の一部改正について,一五八
244.第二章第十五条(1),書面により明示すべき賃金に関する事項,一五九
245.第二章第十五条(1),労働契約締結時の解雇事由の明示,一六〇
246.第二章第十五条(1),退職手当に関する事項,一六〇
247.第二章第十五条(1),派遣労働者に対する労働条件の明示,一六〇
248.第二章第十五条(2),明示された労働条件が事実と相違する場合,一六五
249.第二章第十五条(2),社宅の供与,一六五
250.第二章第十五条(2),他の労働者の労働条件,一六五
251.第二章第十五条(2),必要な旅費,一六五
252.第二章第十五条(2),帰郷旅費,一六五
253.第二章第十六条,賠償予定の禁止,一六六
254.第二章第十六条解釈例規,,
255.第二章第十六条,賠償予定の禁止,一六六
256.第二章第十六条,美容見習の服務義務,一六六
257.第二章第十七条,前借金相殺の禁止,一六七
258.第二章第十七条解釈例規,,
259.第二章第十七条,趣旨,一六七
260.第二章第十七条,生活資金の貸付に対する返済金,一六七
261.第二章第十七条,育児休業期間中の社会保険料の事業主立替分控除,一六七
262.第二章第十八条,強制貯金,一六七
263.第二章第十八条,則第五条の二、第六条、第六条の二、第六条の三、第五十七条,一六八
264.第二章第十八条,預令第一条、第二条、第三条、第四条、第五条、第六条,一六九
265.第二章第十八条,告示第三〇号(平一三・二),一七〇
266.第二章第十八条解釈例規,,
267.第二章第十八条(1),社内預金,一七〇
268.第二章第十八条(1),社内預金制度の運用について,一七〇
269.第二章第十八条(1),貯蓄金の管理規程の内容,一七八
270.第二章第十八条(1),日歩による利子,一七九
271.第二章第十八条(1),中途解約を禁止する預金契約の効力及び中途解約の場合の利率,一七九
272.第二章第十八条(1),賃金の一定率の貯蓄金管理,一七九
273.第二章第十八条(1),その必要限度の範囲内での中止,一七九
274.第二章第十八条(1),中止命令,一七九
275.第二章第十八条(2),その他,一七九
276.第二章第十八条(2),労働者の過半数代表者の要件,一七九
277.第二章第十八条(2),労働者の過半数代表者の選出手続,一八〇
278.第二章第十八条(2),過半数代表者の不利益取扱い,一八〇
279.第二章第十八条(2),届出なき貯蓄金管理,一八〇
280.第二章第十八条(2),社外機関への退職積立金の取扱い,一八〇
281.第二章第十八条(2),退職積立金の取扱い,一八二
282.第二章第十八条(2),金融機関における貯蓄金管理,一八二
283.第二章第十八条(2),派遣労働者の社内預金,一八三
284.第二章第十八条(2),(参考)社内預金保全のための各種契約の約定書例,一八三
285.第二章第十九条,解雇制限,二一二
286.第二章第十九条,則第七条,二一二
287.第二章第十九条解釈例規,,
288.第二章第十九条(1),解雇の判断,二一三
289.第二章第十九条(1)イ,任意退職と解雇,二一三
290.第二章第十九条(1),炭鉱における無断退山,二一三
291.第二章第十九条(1),退職申し出後の予告除外認定申請の取扱い,二一三
292.第二章第十九条(1)ロ,契約期間の満了と解雇,二一三
293.第二章第十九条(1),工事完了日の予告と解雇予告,二一三
294.第二章第十九条(1),労働契約期間の満了と解雇制限,二一三
295.第二章第十九条(1),反復更新された臨時工の解雇予告,二一四
296.第二章第十九条(1),二カ月以上又は季節的業務に四カ月以上の契約期間満了の場合,二一四
297.第二章第十九条(1)ハ,定年制と解雇,二一五
298.第二章第十九条(1),定年制と解雇予告,二一五
299.第二章第十九条(1),定年退職と法第十九条の関係,二一五
300.第二章第十九条(1),定年解雇後の再採用と解雇予告,二一五
301.第二章第十九条(1)ニ,企業経営主体の交替と解雇,二一五
302.第二章第十九条(1),旧農業会職員の解雇,二一五
303.第二章第十九条(1),工場譲渡と解雇予告手当,二一五
304.第二章第十九条(1)ホ,その他,二一六
305.第二章第十九条(1),採用通知後における採用の取り消し,二一六
306.第二章第十九条(1),住宅建設会社の契約係の実績不良による解雇,二一七
307.第二章第十九条(1),欠勤の一定期間の満了と解雇予告,二一七
308.第二章第十九条(1),他に就職せしめた場合の解雇手続き,二一八
309.第二章第十九条(1),労働者派遣契約の解除,二一八
310.第二章第十九条(1),育児休業期間中の解雇,二一八
311.第二章第十九条(2),解雇制限期間,二一八
312.第二章第十九条(2),傷病回復後の解雇,二一八
313.第二章第十九条(2),外科後処置の療養中の解雇,二一八
314.第二章第十九条(2),解雇予告期間中に業務上負傷し又は疾病にかかつた場合の解雇,二一九
315.第二章第十九条(3),やむを得ない事由のため事業の継続が不可能となつた場合,二一九
316.第二章第十九条(3),法第十九条及び第二十条の認定の性格及び処理方針,二一九
317.第二章第十九条(3),天災事変その他やむを得ない事由のため事業の継続が不可能となつた場合,二一九
318.第二章第十九条(3),震災の場合の解雇,二二〇
319.第二章第十九条(3),下請工場におけるやむを得ない事由,二二〇
320.第二章第二十条,解雇の予告,二二一
321.第二章第二十条,則第七条,二二一
322.第二章第二十条解釈例規,,
323.第二章第二十条(1),解雇の判断,二二一
324.第二章第二十条(2),解雇予告,二二一
325.第二章第二十条(2),三十日以上前の予告と予告期限到来後の解雇,二二一
326.第二章第二十条(2),予告と同時に休業した場合の解雇,二二一
327.第二章第二十条(2),解雇の予告とその取消し,二二一
328.第二章第二十条(2),地方公務員法第二十九条第一項の規定に基づく懲戒免職処分に対する労働基準法第二十条の規定の適用,二二三
329.第二章第二十条(2),予告期間及び予告手当の支払いなき解雇,二二四
330.第二章第二十条(2),予告なしに解雇した場合の休業手当,二二四
331.第二章第二十条(2),民法第六百二十七条との関係,二二五
332.第二章第二十条(3),解雇予告手当,二二五
333.第二章第二十条(3),予告手当の支払時期,二二五
334.第二章第二十条(3),予告手当の支払方法(1),二二五
335.第二章第二十条(3),予告手当の支払方法(2),二二五
336.第二章第二十条(3),最低年齢に満たない労働者の解雇,二二五
337.第二章第二十条(3),予告手当と他の債務との相殺,二二五
338.第二章第二十条(3),予告手当の概算払い,二二六
339.第二章第二十条(3),組合専従者の解雇予告手当,二二六
340.第二章第二十条(3),予告手当の支払いの時効,二二六
341.第二章第二十条(4),第一項ただし書の認定,二二六
342.第二章第二十条(4),法第十九条及び第二十条の認定の性格及び処理方針,二二六
343.第二章第二十条(4),天災事変その他やむを得ない事由のため事業の継続が不可能となつた場合,二二七
344.第二章第二十条(4),震災の場合の解雇,二二七
345.第二章第二十条(4),労働者の責に帰すべき事由,二二八
346.第二章第二十条(4),クローズドショップ制事業場における解雇,二二八
347.第二章第二十条(4),解雇制限期間中の解雇予告除外認定,二二九
348.第二章第二十条(4),賞罰委員会の決定に基づく解雇,二二九
349.第二章第二十一条,(解雇予告の適用除外),二二九
350.第二章第二十一条解釈例規,,
351.第二章第二十一条(1),第一号関係,二三〇
352.第二章第二十一条(1),日日雇い入れられる者,二三〇
353.第二章第二十一条(1),日日雇い入れられる者の解雇予告,二三〇
354.第二章第二十一条(1),一箇月間引き続き使用の意味,二三〇
355.第二章第二十一条(1),失業対策事業及び公共事業に使用される日雇労働者,二三一
356.第二章第二十一条(2),第二号関係,二三三
357.第二章第二十一条(2),二箇月以内の期間を定めて使用される者,二三三
358.第二章第二十一条(2),短期契約の継続的な更新,二三三
359.第二章第二十一条(3),第四号関係,二三三
360.第二章第二十一条(3),試の使用期間中の解雇,二三三
361.第二章第二十一条(3),契約の更新と試の使用期間,二三三
362.第二章第二十一条(3),条件付採用期間中の地方公務員,二三三
363.第二章第二十二条,退職時等の証明,二三四
364.第二章第二十二条解釈例規,,
365.第二章第二十二条,記載すべき内容,二三四
366.第二章第二十二条,使用者の交付義務(1),二三五
367.第二章第二十二条,使用者の交付義務(2),二三五
368.第二章第二十二条,使用者の交付義務(3),二三五
369.第二章第二十二条,退職時等の証明,二三五
370.第二章第二十二条,退職証明の記載禁止事項,二三六
371.第二章第二十二条,保険外務員の登録制,二三六
372.第二章第二十二条,就業妨害,二三六
373.第二章第二十二条,請求権の時効,二三六
374.第二章第二十二条,労働条件通知書等の普及促進について,二三七
375.第二章第二十二条,解雇理由証明書のモデル様式の策定について,二三七
376.第二章第二十三条,金品の返還,二四一
377.第二章第二十三条解釈例規,,
378.第二章第二十三条(1),権利者,二四一
379.第二章第二十三条(1),権利者の範囲,二四一
380.第二章第二十三条(2),労働者の権利に属する金品,二四一
381.第二章第二十三条(2),死亡労働者の退職金,二四一
382.第二章第二十三条(2),退職手当の支払時期,二四一
383.第二章第二十三条(2),労働者の所有に属するふとん等,二四一
384.第三章賃金,,
385.第三章第二十四条,賃金の支払,二四三
386.第三章第二十四条,則第六条の二、第七条の二、第八条,二四三
387.第三章第二十四条解釈例規,,
388.第三章第二十四条(1),通貨払,二四五
389.第三章第二十四条(1),賃金の預金又は貯金への振込みによる支払,二四五
390.第三章第二十四条(1),賃金の口座振込み等について,二四六
391.第三章第二十四条(1),労働基準法施行規則の一部を改正する省令の施行について,二四七
392.第三章第二十四条(1),退職手当の支払方法,二五二
393.第三章第二十四条(1),労働協約の意義,二五二
394.第三章第二十四条(2),直接払,二五二
395.第三章第二十四条(2),賃金の直接払と民法上の委任,二五二
396.第三章第二十四条(2),派遣労働者に対する賃金支払,二五三
397.第三章第二十四条(2),賃金の計算事務等の委託に伴う賃金の支払についての労働基準法上の取扱いについて,二五三
398.第三章第二十四条(3),全額払,二五四
399.第三章第二十四条(3)イ,計算方法,二五四
400.第三章第二十四条(3),過払賃金の清算,二五四
401.第三章第二十四条(3),賃金計算の端数の取扱い,二五四
402.第三章第二十四条(3)ロ,賃金控除,二五五
403.第三章第二十四条(3),労使協定による賃金控除,二五五
404.第三章第二十四条(3),労働協約失効中の賃金の一部控除,二五五
405.第三章第二十四条(3),労働者の過半数代表者の要件,二五五
406.第三章第二十四条(3),労働者の過半数代表者の選出手続,二五五
407.第三章第二十四条(3),過半数代表者の不利益取扱い,二五五
408.第三章第二十四条(3),控除額の限度,二五五
409.第三章第二十四条(3),社外機関への退職積立金の取扱い,二五六
410.第三章第二十四条(3)ハ,争議中の賃金,二五七
411.第三章第二十四条(3),争議期間中の家族手当の支給,二五七
412.第三章第二十四条(3),争議中の賃金,二五七
413.第三章第二十四条(3),一部労働者の争議行為の場合の他の労働者の賃金,二五八
414.第三章第二十四条(4),毎月一定期日払,二五八
415.第三章第二十四条(4),賞与の意義,二五八
416.第三章第二十四条(4),遡及増額した賃金の支払期日,二五八
417.第三章第二十四条(5),その他,二五八
418.第三章第二十四条(5),遡及賃金の支給対象,二五八
419.第三章第二十四条(5),地方公務員に対する適用除外,二五八
420.第三章第二十五条,非常時払,二五九
421.第三章第二十五条,則第九条,二五九
422.第三章第二十六条,休業手当,二五九
423.第三章,第二十六条,解釈例規
424.第三章第二十六条(1),本条の意義,二五九
425.第三章第二十六条(1),民法第五百三十六条との関係,二五九
426.第三章第二十六条(1),休日の休業手当,二六〇
427.第三章第二十六条(1),休業手当の支払時期,二六〇
428.第三章第二十六条(1),休職,二六〇
429.第三章第二十六条(1),休業期間が一労働日に満たない場合の休業手当の額,二六〇
430.第三章第二十六条(1),派遣労働者の休業手当支払いの要否,二六一
431.第三章第二十六条(2),使用者の責に帰すべき事由,二六一
432.第三章第二十六条(2)イ,経営障害による休業,二六一
433.第三章第二十六条(2),下請け工場の資材、資金難による休業,二六一
434.第三章第二十六条(2)ロ,争議行為による休業,二六一
435.第三章第二十六条(2),作業所閉鎖と休業,二六一
436.第三章第二十六条(2),一部ストの場合の他の労働者の休業,二六一
437.第三章第二十六条(2),ストに起因する休業,二六一
438.第三章第二十六条(2)ハ,休電による休業,二六三
439.第三章第二十六条(2),電力不足に伴う法第二十六条の運用,二六三
440.第三章第二十六条(2),計画停電が実施される場合の法第二十六条の取扱い,二六三
441.第三章第二十六条(2)ニ,その他,二六三
442.第三章第二十六条(2),代休附与命令による休業,二六三
443.第三章第二十六条(2),労働安全衛生法第六十六条の健康診断の結果に基づいて休業又は労働時間を短縮した場合,二六三
444.第三章第二十六条(2),法人の解散後の休業手当,二六四
445.第三章第二十六条(2),新規学卒採用内定者の自宅待機,二六四
446.第三章第二十六条(2),予告なしに解雇した場合の休業手当,二六四
447.第三章第二十六条(2),子の死亡等による育児休業終了後の労務の提供の開始時期,二六四
448.第三章第二十七条,出来高払制の保障給,二六五
449.第三章,第二十七条,解釈例規
450.第三章第二十七条,保障給の趣旨,二六五
451.第三章第二十七条,使用者の責に帰すべき事由によらない休業の場合の保障給,二六五
452.第三章第二十八条,最低賃金,二六五
453.第三章第二十九条から第三十一条まで,削除,三六六
454.第四章労働時間、休憩、休日及び年次有給休暇,,
455.第四章第三十二条,労働時間,二六七
456.第四章第三十二条,告示第七号(平元・二),二六七
457.第四章第三十二条解釈例規,,
458.第四章第三十二条(1),法定労働時間,二七一
459.第四章第三十二条(1),一週間の法定労働時間と一日の法定労働時間,二七一
460.第四章第三十二条(1),三交替制連続作業における一日の取扱い,二七一
461.第四章第三十二条(1),労働者数の変更,二七二
462.第四章第三十二条(1),パートタイム労働者の取扱い,二七二
463.第四章第三十二条(2),具体的な取扱い,二七二
464.第四章第三十二条(2),昼休み中の来客当番,二七二
465.第四章第三十二条(2),黙示の指示による労働時間,二七二
466.第四章第三十二条(2),定期路線トラック運転手の労働時間,二七二
467.第四章第三十二条(2),坑内労働者の入浴時間,二七三
468.第四章第三十二条(2),坑内労働者の労働時間と坑内労働時間との関係,二七三
469.第四章第三十二条(2),就業時間外の教育訓練,二七四
470.第四章第三十二条(2),見習看護婦の受講時間,二七四
471.第四章第三十二条(2),安全衛生教育の時間,二七四
472.第四章第三十二条(2),健康診断の受診時間,二七四
473.第四章第三十二条(2),安全・衛生委員会の会議開催時間,二七五
474.第四章第三十二条(2),任意に出勤して従事した消火作業時間,二七五
475.第四章第三十二条(2),労働時間の適正な把握のために使用者が講ずべき措置に関する基準,二七六
476.第四章第三十二条(2),労働時間の適正な把握のために使用者が講ずべき措置に関する基準について,二七六
477.第四章第三十二条(2),自動車運転者の労働時間等の改善のための基準,二七八
478.第四章第三十二条(2),自動車運転者の労働時間等の改善のための基準の一部改正等について,二八一
479.第四章第三十二条(2),一般乗用旅客自動車運送事業以外の事業に従事する自動車運転者の拘束時間及び休息期間の特例,三一二
480.第四章第三十二条(2),自動車運転者の労働時間等の改善のための基準に係る適用除外業務について,三一三
481.第四章第三十二条の二,(一箇月単位の変形労働時間制),三一四
482.第四章第三十二条の二,則第六条の二、第十二条、第十二条の二、第十二条の二の二、第十二条の六,三一四
483.第四章第三十二条の二解釈例規,,
484.第四章第三十二条の二(1),趣旨,三一五
485.第四章第三十二条の二(1),変形労働時間制の趣旨,三一五
486.第四章第三十二条の二(1),趣旨,三一六
487.第四章第三十二条の二(2),労働時間の特定,三一六
488.第四章第三十二条の二(2),労働時間の特定,三一六
489.第四章第三十二条の二(2),労働時間の特定の程度,三一六
490.第四章第三十二条の二(2),特定された日又は週,三一六
491.第四章第三十二条の二(2),三交替制連続作業における変形労働時間制,三一六
492.第四章第三十二条の二(3),労使協定による導入,三一七
493.第四章第三十二条の二(3),趣旨,三一七
494.第四章第三十二条の二(3),労使協定において定めるべき事項,三一七
495.第四章第三十二条の二(3),労使協定の届出,三一七
496.第四章第三十二条の二(3),定めの周知,三一七
497.第四章第三十二条の二(3),有効期間,三一八
498.第四章第三十二条の二(4),就業規則その他これに準ずるもの,三一八
499.第四章第三十二条の二(4),就業規則その他これに準ずるもの,三一八
500.第四章第三十二条の二(4),施行規則第十二条の周知,三一八
501.第四章第三十二条の二(5),変形期間における法定労働時間の総枠,三一八
502.第四章第三十二条の二(5),変形期間における法定労働時間の総枠,三一八
503.第四章第三十二条の二(6),時間外労働,三一八
504.第四章第三十二条の二(6),時間外労働となる時間,三一八
505.第四章第三十二条の二(6),就業規則で特定された時間の取扱い,三一八
506.第四章第三十二条の二(6),臨時に延長した時間,三一八
507.第四章第三十二条の二(6),休日の振替―一日の労働時間,三一九
508.第四章第三十二条の二(6),休日の振替―週の労働時間,三一九
509.第四章第三十二条の二(7),その他,三一九
510.第四章第三十二条の二(7),労働者の過半数代表者の要件,三一九
511.第四章第三十二条の二(7),労働者の過半数代表者の選出手続,三一九
512.第四章第三十二条の二(7),過半数代表者の不利益取扱い,三一九
513.第四章第三十二条の二(7),特別の配慮を要する者に対する配慮,三二〇
514.第四章第三十二条の二(7),就業規則の変更届の受理,三二〇
515.第四章第三十二条の二(7),地方公務員に対する第三十二条の二第一項の適用,三二〇
516.第四章第三十二条の二(7),循環交替の勤務時間,三二一
517.第四章第三十二条の三,(フレックスタイム制),三二一
518.第四章第三十二条の三,則第六条の二、第十二条の二、第十二条の一二の三,三二一
519.第四章第三十二条の三解釈例規,,
520.第四章第三十二条の三,趣旨,三二二
521.第四章第三十二条の三,就業規則の定め,三二二
522.第四章第三十二条の三,就業規則その他これに準ずるもの,三二三
523.第四章第三十二条の三,労働者の過半数代表者の要件,三二三
524.第四章第三十二条の三,労働者の過半数代表者の選出手続,三二三
525.第四章第三十二条の三,過半数代表者の不利益取扱い,三二三
526.第四章第三十二条の三,労使協定の効力,三二三
527.第四章第三十二条の三,労使協定の協定事項,三二三
528.第四章第三十二条の三,労使協定の有効期間,三二四
529.第四章第三十二条の三,時間外労働となる時間,三二四
530.第四章第三十二条の三,フレックスタイム制における時間外労働となる時間の計算方法,三二四
531.第四章第三十二条の三,労働時間の過不足の繰越,三二六
532.第四章第三十二条の三,就業規則の変更届の受理,三二六
533.第四章第三十二条の三,派遣労働者に対するフレックスタイム制の適用,三二六
534.第四章第三十二条の三,休憩時間の設定,三二六
535.第四章第三十二条の三,フレックスタイム制における労働時間の把握,三二七
536.第四章第三十二条の四,(一年単位の変形労働時間制),三二七
537.第四章第三十二条の四,則第六条の二、第十二条の二、第十二条の四、第十二条の六、則附則第六十五条、則附則第六十六条,三二八
538.第四章第三十二条の四,告示第八号(平九・二),三三〇
539.第四章第三十二条の四解釈例規,,
540.第四章第三十二条の四,変形労働時間制の趣旨,三三一
541.第四章第三十二条の四,趣旨(1),三三一
542.第四章第三十二条の四,趣旨(2),三三一
543.第四章第三十二条の四,労働時間の特定(1),三三一
544.第四章第三十二条の四,労働時間の特定(2),三三一
545.第四章第三十二条の四,特定された日又は週,三三二
546.第四章第三十二条の四,就業規則への記載,三三二
547.第四章第三十二条の四,休日が特定されない場合,三三二
548.第四章第三十二条の四,特定された時間の変更,三三二
549.第四章第三十二条の四,特定期間(1),三三二
550.第四章第三十二条の四,特定期間(2),三三二
551.第四章第三十二条の四,特定期間(3),三三三
552.第四章第三十二条の四,一年単位の変形労働時間制を採用した場合における休日振替,三三三
553.第四章第三十二条の四,労働基準法第三十二条の四第二項の「同意」の効力,三三三
554.第四章第三十二条の四,対象労働者の範囲,三三四
555.第四章第三十二条の四,複数の変形労働時間制,三三四
556.第四章第三十二条の四,定年後嘱託として再雇用する場合,三三四
557.第四章第三十二条の四,一日及び一週間の労働時間の限度(1),三三四
558.第四章第三十二条の四,一日及び一週間の労働時間の限度(2),三三四
559.第四章第三十二条の四,積雪地域の建設業の屋外労働者等に対する一年単位の変形労働時間制の暫定措置,三三四
560.第四章第三十二条の四,隔日勤務のタクシー運転者に対する一年単位の変形労働時間制の暫定措置,三三六
561.第四章第三十二条の四,労働日数の限度,三三八
562.第四章第三十二条の四,変形期間における所定労働時間の総枠,三三八
563.第四章第三十二条の四,時間外労働となる時間(法第三十七条の規定の適用を受ける時間),三三八
564.第四章第三十二条の四,法定労働時間の総枠を超える割増賃金,三三八
565.第四章第三十二条の四,労使協定の届出(1),三三九
566.第四章第三十二条の四,労使協定の届出(2),三三九
567.第四章第三十二条の四,労使協定の効力,三三九
568.第四章第三十二条の四,労働者の過半数代表者の要件,三三九
569.第四章第三十二条の四,労働者の過半数代表者の選出手続,三四〇
570.第四章第三十二条の四,過半数代表者の不利益取扱い,三四〇
571.第四章第三十二条の四,特別の配慮を要する者に対する配慮,三四〇
572.第四章第三十二条の四,「変形期間」と「変形労働時間制による期間」,三四〇
573.第四章第三十二条の四,派遣労働者に対する一年単位の変形労働時間制の適用,三四〇
574.第四章第三十二条の四,一年のうち一定時期のみの採用,三四〇
575.第四章第三十二条の四,暫定措置,三四一
576.第四章第三十二条の四の二,(一年単位の変形労働時間制における賃金の清算),三四一
577.第四章第三十二条の四の二解釈例規,,
578.第四章第三十二条の四の二,賃金の清算(1),三四一
579.第四章第三十二条の四の二,賃金の清算(2),三四二
580.第四章第三十二条の四の二,清算による割増賃金を平均賃金の算定基礎賃金に含める時期,三四二
581.第四章第三十二条の四の二,休職者についての賃金清算の可否,三四二
582.第四章第三十二条の四の二,割増賃金の基礎となる賃金の計算,三四三
583.第四章第三十二条の五,(一週間単位の非定型的変形労働時間制),三四三
584.第四章第三十二条の五,則第六条の二、第十二条の五、第十二条の六,三四三
585.第四章第三十二条の五解釈例規,,
586.第四章第三十二条の五,変形労働時間制の趣旨,三四四
587.第四章第三十二条の五,趣旨,三四四
588.第四章第三十二条の五,対象事業場,三四五
589.第四章第三十二条の五,一日の労働時間の上限,三四五
590.第四章第三十二条の五,事前通知の方法,三四五
591.第四章第三十二条の五,労働者の過半数代表者の要件,三四五
592.第四章第三十二条の五,労働者の過半数代表者の選出手続,三四五
593.第四章第三十二条の五,過半数代表者の不利益取扱い,三四五
594.第四章第三十二条の五,労使協定の効力,三四六
595.第四章第三十二条の五,労使協定の有効期間,三四六
596.第四章第三十二条の五,労使協定の届出,三四六
597.第四章第三十二条の五,労働者の意思の尊重,三四六
598.第四章第三十二条の五,特別の配慮を要する者に対する配慮,三四六
599.第四章第三十三条,災害等による臨時の必要がある場合の時間外労働等,三四七
600.第四章第三十三条,則第十三条、第十四条,三四七
601.第四章第三十三条解釈例規,,
602.第四章第三十三条(1),運用の方針,三四七
603.第四章第三十三条(1),災害その他さけることのできない事由,三四七
604.第四章第三十三条(1),許可基準,三四七
605.第四章第三十三条(1),代休付与命令,三四八
606.第四章第三十三条(1),代休附与命令による休業,三四八
607.第四章第三十三条(1),派遣労働者の場合,三四八
608.第四章第三十三条(2),災害発生が予見される場合,三四八
609.第四章第三十三条(2),日本電信電話株式会社の場合,三四八
610.第四章第三十三条(2),鉄道の場合,三四八
611.第四章第三十三条(2),石炭鉱業(坑内)における許可基準,三四九
612.第四章第三十三条(2),時間外の消火作業,三五〇
613.第四章第三十三条(3),第三項(官公署)の場合,三五〇
614.第四章第三十三条(3),非現業官公署における時間外労働,三五〇
615.第四章第三十三条(3),公務のために臨時の必要がある場合,三五〇
616.第四章第三十三条(4),適用の範囲,三五〇
617.第四章第三十三条(4),法第三十六条第一項との関係,三五〇
618.第四章第三十三条(4),年少者に対する法第三十三条の適用,三五〇
619.第四章第三十四条,休憩,三五一
620.第四章第三十四条,則第六条の二、第十五条,三五一
621.第四章第三十四条解釈例規,,
622.第四章第三十四条(1),本条の意義,三五一
623.第四章第三十四条(1),休憩時間の意義,三五一
624.第四章第三十四条(1),労働時間が八時間を超える場合の休憩時間,三五二
625.第四章第三十四条(1),一昼夜交替の休憩,三五二
626.第四章第三十四条(1),教員の休憩時間,三五二
627.第四章第三十四条(1),貨物運送事業における手あき時間,三五二
628.第四章第三十四条(2),一斉休憩,三五二
629.第四章第三十四条(2),趣旨,三五二
630.第四章第三十四条(2),労使協定の締結,三五二
631.第四章第三十四条(2),労働者の過半数代表者の要件,三五二
632.第四章第三十四条(2),労働者の過半数代表者の選出手続,三五三
633.第四章第三十四条(2),過半数代表者の不利益取扱い,三五三
634.第四章第三十四条(2),派遣労働者の場合,三五三
635.第四章第三十四条(3),自由利用,三五三
636.第四章第三十四条(3),自由利用の意義,三五三
637.第四章第三十四条(3),休憩時間中の外出の許可制,三五三
638.第四章第三十五条,休日,三五四
639.第四章第三十五条,則第十二条、第十二条の二,三五四
640.第四章第三十五条解釈例規,,
641.第四章第三十五条(1),暦日休日,三五四
642.第四章第三十五条(1),指導方針,三五四
643.第四章第三十五条(1),一暦日の休日,三五四
644.第四章第三十五条(1),一昼夜交替勤務の場合,三五四
645.第四章第三十五条(1),交替制の場合の休日,三五五
646.第四章第三十五条(1),継続二十四時間休日の場合の休日の範囲,三五五
647.第四章第三十五条(1),旅館業における休日,三五五
648.第四章第三十五条(2),休日の特定,三五六
649.第四章第三十五条(2),休日の特定について,三五六
650.第四章第三十五条(2),屋外労働者の休日,三五六
651.第四章第三十五条(3),休日の振替,三五七
652.第四章第三十五条(3),休日の振替と代休,三五七
653.第四章第三十五条(3),休日の振替の手続,三五七
654.第四章第三十五条(3),休日の振替と時間外労働,三五七
655.第四章第三十五条(4),変形週休制,三五七
656.第四章第三十五条(4),変形週休制,三五七
657.第四章第三十五条(4),休日の配置,三五七
658.第四章第三十五条(5),その他,三五七
659.第四章第三十五条(5),国民の祝日,三五七
660.第四章,休日の出張,三五八
661.第四章第三十六条,時間外及び休日の労働,三五八
662.第四章第三十六条,則第六条の二、第十六条、第十七条、第十八条,三五九
663.第四章第三十六条,告示第一五四号(平一〇・一二),三六〇
664.第四章第三十六条解釈例規,第三十六条,解釈例規
665.第四章第三十六条,労働基準法第三十六条第一項の協定で定める労働時間の延長の限度等に関する基準第五条に基づく労働省労働基準局長の指定について,三六二
666.第四章第三十六条(1),趣旨,三六二
667.第四章第三十六条(1),趣旨(1),三六二
668.第四章第三十六条(1),趣旨(2),三六二
669.第四章第三十六条(1),趣旨(3),三六三
670.第四章第三十六条(2),三六協定の締結を要する場合,三六三
671.第四章第三十六条(2),法定時間内の時間外労働,三六三
672.第四章第三十六条(2),四週四日以上の休日,三六三
673.第四章第三十六条(2),代休,三六三
674.第四章第三十六条(2),消防法による消防訓練,三六三
675.第四章第三十六条(2),交通事情等による労働時間の運用,三六三
676.第四章第三十六条(2),遅刻時間に相当する時間延長,三六三
677.第四章第三十六条(3),協定当事者,三六四
678.第四章第三十六条(3),過半数で組織する労働組合がある場合,三六四
679.第四章第三十六条(3),労働者の過半数代表者の要件,三六四
680.第四章第三十六条(3),労働者の過半数代表者の選出手続,三六四
681.第四章第三十六条(3),過半数代表者の不利益取扱い,三六四
682.第四章第三十六条(3),本社と労働組合本部との協定,三六五
683.第四章第三十六条(3),事業場に労働組合の支部等がない場合,三六五
684.第四章第三十六条(3),郵政省の場合,三六五
685.第四章第三十六条(3),〇〇公団の場合,三六六
686.第四章第三十六条(3),法第三十六条第一項協定の三者連名,三六六
687.第四章第三十六条(3),日雇い労働者の時間外労働,三六六
688.第四章第三十六条(3),派遣労働者の場合,三六六
689.第四章第三十六条(3),法第三十六条第一項の規定における労働者の範囲,三六七
690.第四章第三十六条(3),臨時雇用労働者の契約期間を超える期間を有効期間とする協定,三六七
691.第四章第三十六条(3),解雇について労働委員会に提訴中の場合,三六八
692.第四章第三十六条(4),協定,三六八
693.第四章第三十六条(4)イ,要件,三六八
694.第四章第三十六条(4),一定期間,三六八
695.第四章第三十六条(4),一定期間についての延長時間,三六八
696.第四章第三十六条(4)ロ,効力,三六九
697.第四章第三十六条(4),労使協定の効力,三六九
698.第四章第三十六条(4),協定の限度を超える時間延長,三六九
699.第四章第三十六条(4),一定期間の延長時間の限度,三六九
700.第四章第三十六条(4),協定の附款の効力,三六九
701.第四章第三十六条(4),協定で定めた手続の効力,三六九
702.第四章第三十六条(4),休日の日直と協定,三七〇
703.第四章第三十六条(4)ハ,有効期間,三七〇
704.第四章第三十六条(4),時間外労働協定の有効期間(1),三七〇
705.第四章第三十六条(4),時間外労働協定の有効期間(2),三七〇
706.第四章第三十六条(4),施行規則第十六条の趣旨,三七〇
707.第四章第三十六条(4),労働協約による場合,三七〇
708.第四章第三十六条(4),有効期間中の破棄申入れ,三七一
709.第四章第三十六条(4)ニ,届出,三七一
710.第四章第三十六条(4),様式第九号と三六協定の協定書,三七一
711.第四章第三十六条(4),特別延長時間等の協定届への記入,三七一
712.第四章第三十六条(4),施行規則第十七条の趣旨,三七一
713.第四章第三十六条(4),常態的時間外・休日労働の協定,三七一
714.第四章第三十六条(4),時間外・休日労働協定の本社一括届出について,三七一
715.第四章第三十六条(5),健康上特に有害な場合,三七二
716.第四章第三十六条(5),労働基準法第三十六条第一項ただし書の解釈,三七二
717.第四章第三十六条(5),有害業務の時間外労働制限の適用範囲,三七三
718.第四章第三十六条(5),交替制と有害業務の時間延長制限,三七四
719.第四章第三十六条(5),有害業務の休日労働,三七四
720.第四章第三十六条(5),三交替制労働者の休日労働と第三十六条第一項ただし書の関係,三七四
721.第四章第三十六条(5),超過勤務が翌日に及んだ場合の坑内労働の取扱い,三七五
722.第四章第三十六条(5),有害業務の範囲,三七五
723.第四章第三十六条(5),鉱山における坑の範囲,三七七
724.第四章第三十六条(6),限度基準,三七八
725.第四章第三十六条(6),限度基準,三七八
726.第四章第三十六条(6),限度基準の遵守,三八二
727.第四章第三十六条(6),助言及び指導,三八二
728.第四章第三十六条(6),限度基準の遵守、助言及び指導,三八二
729.第四章第三十六条(6),限度基準で定めることができる事項,三八二
730.第四章第三十六条(6),特別条項にいう「特別の事情」の意義,三八二
731.第四章第三十六条(6),特別条項付き協定で定める事項,三八三
732.第四章第三十六条(6),適用期日及び経過措置,三八四
733.第四章第三十六条(6),適用期日,三八四
734.第四章第三十六条(6),業務区分の細分化,三八四
735.第四章第三十六条(6),一年単位の変形労働時間制における限度時間,三八四
736.第四章第三十六条(6),一年間とそれ以外の一定の期間で限度時間を超える時間外労働に係る割増賃金率が異なる場合,三八四
737.第四章第三十六条(6),限度時間を超えている協定の効力,三八四
738.第四章第三十六条(6),一年間の限度時間を超える時間外労働に対して支払うべき割増賃金,三八四
739.第四章第三十七条,時間外、休日及び深夜の割増賃金,三八五
740.第四章第三十七条,法第百三十八条,三八六
741.第四章第三十七条,割増賃金令,三八六
742.第四章第三十七条,則第六条の二、第十九条、第十九条の二、第二十条、第二十一条、則附則第六十八条,三八六
743.第四章,第三十七条,解釈例規
744.第四章第三十七条(1),割増賃金の意味,三八八
745.第四章第三十七条(1)イ,割増賃金率,三八八
746.第四章第三十七条(1),趣旨,三八八
747.第四章第三十七条(1),具体的な率,三八八
748.第四章第三十七条(1),具体的対応,三八八
749.第四章第三十七条(1),時間外又は休日労働が深夜に及んだ場合の取扱い,三八九
750.第四章第三十七条(1),法定時間内の時間外労働手当,三八九
751.第四章第三十七条(1),法定割増賃金率の引上げ,三九〇
752.第四章第三十七条(1),中小事業主に対する猶予措置,三九一
753.第四章第三十七条(1),一箇月六十時間の算定とみなし労働時間制,三九二
754.第四章第三十七条(1),一箇月六十時間の算定と一年単位の変形労働時間制,三九二
755.第四章第三十七条(1),一箇月六十時間の算定とフレックスタイム制,三九二
756.第四章第三十七条(1)ロ,割増賃金の意味,三九三
757.第四章第三十七条(1),割増賃金の意味,三九三
758.第四章第三十七条(1),割増賃金計算の基礎となる労働時間,三九三
759.第四章第三十七条(1),法定内の所定時間外労働に対する賃金,三九三
760.第四章第三十七条(1)ハ,違法な時間外、休日労働の割増賃金,三九三
761.第四章第三十七条(1),違法な時間外・休日労働の割増賃金,三九三
762.第四章第三十七条(1)ニ,その他,三九四
763.第四章第三十七条(1),時間外割増賃金の返上,三九四
764.第四章第三十七条(2),割増賃金を支払うべき労働,三九四
765.第四章第三十七条(2)イ,時間外労働,三九四
766.第四章第三十七条(2),坑内労働者の割増賃金,三九四
767.第四章第三十七条(2),休憩時間の来客当番,三九四
768.第四章第三十七条(2),黙示の指示による労働時間,三九四
769.第四章第三十七条(2),終業時刻の変更,三九四
770.第四章第三十七条(2),時間外労働が継続して翌日の所定労働時間に及んだ場合の割増賃金,三九五
771.第四章第三十七条(2),特別勤務に対する割増賃金の要否,三九五
772.第四章第三十七条(2),派遣労働者の割増賃金支払義務,三九五
773.第四章第三十七条(2)ロ,休日労働,三九五
774.第四章第三十七条(2),八時間を超える休日労働の割増賃金,三九五
775.第四章第三十七条(2),割増賃金を支給すべき休日労働,三九五
776.第四章第三十七条(2),法定休日における割増賃金の考え方について,三九六
777.第四章第三十七条(2),休日を含む二暦日にまたがる労働の割増賃金,三九八
778.第四章第三十七条(2),スト中の保安要員の休日労働,三九八
779.第四章第三十七条(2)ハ,変形労働等の場合,三九九
780.第四章第三十七条(2),就業規則で特定された時間の取扱い,三九九
781.第四章第三十七条(2),一昼夜交替勤務者の割増賃金,三九九
782.第四章第三十七条(2),睡眠時間の割増賃金,三九九
783.第四章第三十七条(2),法第四十一条該当者の割増賃金の基礎,三九九
784.第四章第三十七条(2),監視断続労働者の深夜業の割増賃金,三九九
785.第四章第三十七条(2),労働時間の定めのある法第四十一条第三号労働者の割増賃金,三九九
786.第四章第三十七条(3),割増賃金の算定基礎賃金,四〇〇
787.第四章第三十七条(3)イ,生産奨励手当,四〇〇
788.第四章第三十七条(3),増産手当,四〇〇
789.第四章第三十七条(3),生産手当等の割増賃金算定,四〇〇
790.第四章第三十七条(3)ロ,特殊作業手当,四〇一
791.第四章第三十七条(3),坑内手当,四〇一
792.第四章第三十七条(3),特殊作業手当,四〇一
793.第四章第三十七条(3),危険作業手当,四〇一
794.第四章第三十七条(3),手術手当,四〇一
795.第四章第三十七条(3)ハ,深夜に係る手当,四〇二
796.第四章第三十七条(3),三シフト制における番付手当,四〇二
797.第四章第三十七条(3),夜間看護手当,四〇三
798.第四章第三十七条(3)ニ,家族手当,四〇三
799.第四章第三十七条(3),家族手当等の意義,四〇三
800.第四章第三十七条(3),家族手当額を基準とする手当,四〇三
801.第四章第三十七条(3),割増賃金の基礎となる手当,四〇三
802.第四章第三十七条(3),家族補給手当,四〇四
803.第四章第三十七条(3)ホ,住宅手当,四〇五
804.第四章第三十七条(3),具体的範囲,四〇五
805.第四章第三十七条(3)ヘ,その他,四〇六
806.第四章第三十七条(3),所得税補充手当の割増賃金計算方法,四〇六
807.第四章第三十七条(3),通勤手当,四〇六
808.第四章第三十七条(3),乗務員の中休手当,四〇六
809.第四章第三十七条(3),年俸制適用労働者に係る割増賃金及び平均賃金の算定について,四〇七
810.第四章第三十七条(4),割増賃金の算出方法,四〇九
811.第四章第三十七条(4),寒冷地手当を割増賃金の基礎に算入しないが法所定の計算より上回る場合,四〇九
812.第四章第三十七条(4),割増賃金の計算方法(1),四〇九
813.第四章第三十七条(4),割増賃金の計算方法(2),四〇九
814.第四章第三十七条(4),割増賃金計算における端数処理,四〇九
815.第四章第三十七条(4),出来高払制労働者の時間外割増賃金,四一〇
816.第四章第三十七条(4),割増賃金計算のための通常の労働日,四一〇
817.第四章第三十七条(5),代替休暇,四一〇
818.第四章第三十七条(5),趣旨,四一〇
819.第四章第三十七条(5),代替休暇に係る労使協定の締結,四二二
820.第四章第三十七条(5),代替休暇に係る労使協定で定める事項,四一四
821.第四章第三十七条(5),法定割増賃金率の引上げ分の割増賃金の支払が不要となる時間,四一四
822.第四章第三十七条(5),代替休暇と年次有給休暇との関係,四一四
823.第四章第三十七条(5),取得日の決定方法,四一四
824.第四章第三十七条(5),所定労働日と所定休日の割増賃金率が異なる場合,四一五
825.第四章第三十八条,時間計算,四一五
826.第四章第三十八条,則第二十四条,四一五
827.第四章第三十八条解釈例規,,
828.第四章第三十八条(1),事業場を異にする場合,四一五
829.第四章第三十八条(1),事業場を異にする場合の意義,四一五
830.第四章第三十八条(1),一事業場で八時間労働後他の事業場で働く場合の取扱い,四一五
831.第四章第三十八条(1),二以上の事業に働く場合の時間外割増賃金,四一六
832.第四章第三十八条(1),複数の事業場に派遣される派遣労働者,四一六
833.第四章第三十八条(2),坑内労働,四一六
834.第四章第三十八条(2),集団入出坑の場合の許可,四一六
835.第四章第三十八条(2),坑内作業と直結する作業,四一六
836.第四章第三十八条(2),坑内労働者の労働時間と坑内労働時間との関係,四一六
837.第四章第三十八条(2),作業の準備又は終業に必要な整理整頓時間,四一六
838.第四章第三十八条(2),入坑開始,四一七
839.第四章第三十八条(2),入坑終了,四一七
840.第四章第三十八条(2),入坑に要する時間,四一七
841.第四章第三十八条(2),鉱山における坑の範囲,四一七
842.第四章第三十八条(2),坑内労働者の割増賃金,四一八
843.第四章第三十八条の二,(事業場外労働),四一八
844.第四章第三十八条の二,則第六条の二、第十七条、第二十四条の二,四一八
845.第四章第三十八条の二解釈例規,,
846.第四章第三十八条の二,趣旨,四一九
847.第四章第三十八条の二,事業場外労働の範囲,四一九
848.第四章第三十八条の二,情報通信機器を活用した在宅勤務に関する法第三十八条の二の適用について,四二〇
849.第四章第三十八条の二,事業場外労働における労働時間の算定方法,四二〇
850.第四章第三十八条の二,一部事業場内労働の場合の算定,四二一
851.第四章第三十八条の二,みなし労働時間制の適用範囲,四二一
852.第四章第三十八条の二,労働者の過半数代表者の要件,四二一
853.第四章第三十八条の二,労働者の過半数代表者の選出手続,四二一
854.第四章第三十八条の二,過半数代表者の不利益取扱い,四二一
855.第四章第三十八条の二,労使協定の届出,四二二
856.第四章第三十八条の二,一部事業場内労働の場合の届出,四二二
857.第四章第三十八条の三,(専門業務型裁量労働制),四二二
858.第四章第三十八条の三,則第六条の二、第二十四条の二の二,四二三
859.第四章第三十八条の三,告示第七号(平九・二),四二四
860.第四章第三十八条の三解釈例規,,
861.第四章第三十八条の三,趣旨(1),四二四
862.第四章第三十八条の三,趣旨(2),四二五
863.第四章第三十八条の三,対象業務,四二五
864.第四章第三十八条の三,専門業務型裁量労働制の対象業務の拡大(1),四二六
865.第四章第三十八条の三,専門業務型裁量労働制の対象業務の拡大(2),四二七
866.第四章第三十八条の三,専門業務型裁量労働制の対象業務の拡大(3),四二九
867.第四章第三十八条の三,学校教育法改正に伴う「労働基準法施行規則第二十四条の二の二第二項第六号の規定に基づき厚生労働大臣の指定する業務を定める告示の一部を改正する告示の適用について」の取り扱いについて,四三〇
868.第四章第三十八条の三,プロジェクトチームの場合,四三一
869.第四章第三十八条の三,専門業務型裁量労働制における労働時間の算定方法,四三一
870.第四章第三十八条の三,一か月単位のみなし労働時間の協定,四三一
871.第四章第三十八条の三,みなし労働時間制の適用範囲,四三一
872.第四章第三十八条の三,健康・福祉確保措置及び苦情処理措置の具体的内容,四三一
873.第四章第三十八条の三,記録の保存,四三一
874.第四章第三十八条の三,労働者の過半数代表者の要件,四三二
875.第四章第三十八条の三,労働者の過半数代表者の選出手続,四三二
876.第四章第三十八条の三,過半数代表者の不利益取扱い,四三二
877.第四章第三十八条の三,労使協定の届出,四三二
878.第四章第三十八条の三,労使協定の有効期間,四三二
879.第四章第三十八条の四,(企画業務型裁量労働制),四三三
880.第四章第三十八条の四,則第六条の二、第二十四条の二の三、第こ十四条の二の四、第二十四条の二の五、則附則第六十六条の二,四三五
881.第四章第三十八条の四,告示第一四九号(平一一・一二),四三六
882.第四章第三十八条の四解釈例規,,
883.第四章第三十八条の四,趣旨(1),四四六
884.第四章第三十八条の四,趣旨(2),四四六
885.第四章第三十八条の四,みなしの範囲,四四六
886.第四章第三十八条の四(1),第一項関係,四四六
887.第四章第三十八条の四(1),対象事業場,四四六
888.第四章第三十八条の四(1),決議の方法,四四七
889.第四章第三十八条の四(1),決議の届出,四四七
890.第四章第三十八条の四(1),決議事項の内容,四四七
891.第四章第三十八条の四(1),労使委員会で決議することが適当な事項,四四九
892.第四章第三十八条の四(1),決議の有効期間,四四九
893.第四章第三十八条の四(1),企画業務型裁量労働制の適用期間,四四九
894.第四章第三十八条の四(1),対象業務,四四九
895.第四章第三十八条の四(1),企画業務型裁量労働制の派遣労働者への適用,四五〇
896.第四章第三十八条の四(1),健康・福祉確保措置,四五一
897.第四章第三十八条の四(1),苦情処理措置の適正な実施の確保,四五一
898.第四章第三十八条の四(1),決議の周知、保存,四五一
899.第四章第三十八条の四(1),周知方法,四五一
900.第四章第三十八条の四(1),保存期間,四五一
901.第四章第三十八条の四(1),指針の具体的に明らかにする事項に反した決議,四五一
902.第四章第三十八条の四(1),労使委員会の委員の指名,四五二
903.第四章第三十八条の四(2),第二項関係,四五二
904.第四章第三十八条の四(2),労使委員会,四五二
905.第四章第三十八条の四(2),労使委員会の適正な設置、運営,四五二
906.第四章第三十八条の四(2),労働者の過半数代表者の要件,四五二
907.第四章第三十八条の四(2),労働者の過半数代表者の選出手続,四五二
908.第四章第三十八条の四(2),過半数代表者の不利益取扱い,四五二
909.第四章第三十八条の四(2),労使委員会の委員数,四五三
910.第四章第三十八条の四(2),労働者側委員が任期中に管理監督者になった場合,四五三
911.第四章第三十八条の四(2),労使委員会の委員の代理,四五三
912.第四章第三十八条の四(2),議事録の作成、保存及び周知,四五三
913.第四章第三十八条の四(2),運営規程の作成等,四五四
914.第四章第三十八条の四(2),労使委員会の開催頻度,四五四
915.第四章第三十八条の四(2),不利益取扱いの禁止,四五四
916.第四章第三十八条の四(3),第四項関係,四五五
917.第四章第三十八条の四(3),労働基準監督署長への報告,四五五
918.第四章第三十八条の四(4),第五項関係,四五五
919.第四章第三十八条の四(4),特定条項に係る労使協定に関する特例,四五五
920.第四章第三十八条の四(4),労使委員会と労働時間短縮推進委員会の関係,四五六
921.第四章第三十八条の四(4),法第三十八条の四第五項の決議と労使協定の関係,四五六
922.第四章第三十八条の四(5),モデル手順,四五六
923.第四章第三十八条の四(5),企画業務型裁量労働制に係る労使委員会設置に当たってのモデル手順,四五六
924.第四章第三十九条,年次有給休暇,四五七
925.第四章第三十九条,法第百三十六条、附則(平五・七)第三条,四五九
926.第四章第三十九条,年休の経過措置令,四五九
927.第四章第三十九条,則第六条の二、第二十四条の三、第二十四条の四、第二十五条、則附則第二条、第三条、第四条、第五条、第六条,四六〇
928.第四章第三十九条解釈例規,,
929.第四章第三十九条,年次有給休暇,四六四
930.第四章第三十九条(1),年次有給休暇の意義,四六五
931.第四章第三十九条,年次有給休暇に関する最高裁判決,四六五
932.第四章第三十九条,争議期間中に請求する年次有給休暇,四六五
933.第四章第三十九条,長期休業中の場合の年次有給休暇,四六五
934.第四章第三十九条,法定を超える有給休暇の取扱い,四六六
935.第四章第三十九条,法第四十一条該当者の有給休暇,四六六
936.第四章第三十九条,年次有給休暇請求権と解雇,四六六
937.第四章第三十九条,代替休暇と年次有給休暇との関係,四六六
938.第四章第三十九条(6),年次有給休暇請求の要件,四六六
939.第四章第三十九条イ,六箇月間継続勤務,四六六
940.第四章第三十九条,六箇月経過前の年休附与,四六六
941.第四章第三十九条,初年度における継続勤務要件の短縮,四六六
942.第四章第三十九条,継続勤務の意義,四六六
943.第四章第三十九条,公共事業の一般職の日々雇い入れられる非常勤職員の場合,四六七
944.第四章第三十九条,競走事業に従事する労働者の場合,四六七
945.第四章第三十九条ロ,全労働日,四六八
946.第四章第三十九条,出勤率の基礎となる全労働日,四六八
947.第四章第三十九条,育児休業をした日の取り扱い,四六八
948.第四章第三十九条ハ,出勤率の算定,四六八
949.第四章第三十九条,年次有給休暇の付与要件である八割出勤要件,四六八
950.第四章第三十九条,育児休業及び介護休業をした期間の取扱い,四六九
951.第四章第三十九条,出勤率の算定,四六九
952.第四章第三十九条,予定日に遅れた出産と出勤率の計算,四六九
953.第四章第三十九条,出勤率の計算における生理日に就業しなかつた日の扱い,四六九
954.第四章第三十九条(3),年次有給休暇の付与日数,四六九
955.第四章第三十九条イ,付与日数,四六九
956.第四章第三十九条,第二項ただし書の「総日数」の意義,四六九
957.第四章第三十九条,斉一的取扱い,四六九
958.第四章第三十九条,斉一的取扱いの場合の基準日,四七〇
959.第四章第三十九条,年次有給休暇の斉一的取扱い,四七〇
960.第四章第三十九条ロ,比例付与,四七〇
961.第四章第三十九条,比例付与の対象となる労働者の範囲,四七〇
962.第四章第三十九条,比例付与の日数,四七〇
963.第四章第三十九条,所定労働日数の変更,四七一
964.第四章第三十九条,雇い入れ年月日の判定,四七一
965.第四章第三十九条ハ,継続し又は分割した労働日,四七一
966.第四章第三十九条,半日の年次有給休暇,四七一
967.第四章第三十九条,一勤務が二日にわたる場合の年次有給休暇,四七一
968.第四章第三十九条,隔日勤務の自動車運転者の年休取得中争議行為が行われた場合の年休取消,四七一
969.第四章第三十九条,有給休暇を与える年度,四七二
970.第四章第三十九条ニ,時間単位年休,四七二
971.第四章第三十九条,趣旨,四七二
972.第四章第三十九条,時間単位年休に係る労使協定の締結,四七二
973.第四章第三十九条,時間単位年休に係る労使協定で定める事項,四七三
974.第四章第三十九条,時季変更権との関係,四七四
975.第四章第三十九条,計画的付与との関係,四七四
976.第四章第三十九条,時間単位年休に対して支払われる賃金,四七四
977.第四章第三十九条,年の途中で所定労働時間数の変更があった場合,四七四
978.第四章第三十九条,時間単位年休に関するその他の取扱い,四七五
979.第四章第三十九条(4),年次有給休暇を与える時季,四七五
980.第四章第三十九条イ,時季変更権,四七五
981.第四章第三十九条,時季変更権の行使,四七五
982.第四章第三十九条,解雇予定日を超える時季変更権の行使,四七五
983.第四章第三十九条,派遣労働者の時季変更権,四七五
984.第四章第三十九条ロ,計画的付与,四七五
985.第四章第三十九条,趣旨,四七五
986.第四章第三十九条,計画的付与と時季指定権・時季変更権の関係,四七六
987.第四章第三十九条,計画的付与の方法,四七六
988.第四章第三十九条,労働者の過半数代表者の要件,四七六
989.第四章第三十九条,労働者の過半数代表者の選出手続,四七六
990.第四章第三十九条,過半数代表者の不利益取扱い,四七六
991.第四章第三十九条,計画的付与,四七七
992.第四章第三十九条,一斉付与の場合の年休のない者の取扱い,四七七
993.第四章第三十九条,退職予定者の計画的付与,四七七
994.第四章第三十九条,計画的付与の対象日数,四七七
995.第四章第三十九条,前年繰越分の取扱い,四七七
996.第四章第三十九条(5),年次有給休暇日の賃金,四七七
997.第四章第三十九条,年次有給休暇の賃金の選択,四七七
998.第四章第三十九条,通常の賃金,四七七
999.第四章第三十九条,変形労働時間制の場合の時給制の労働者の年休手当,四七八
1000.第四章第三十九条,平均賃金の場合の月で定められた手当の取扱い,四七八
1001.第四章第三十九条,施行規則第二十五条の趣旨,四七八
1002.第四章第三十九条,年次有給休暇と平均賃金の算定,四七八
1003.第四章第三十九条,年次有給休暇の賃金の控除,四七九
1004.第四章第三十九条,年次有給休暇と買上げの予約,四七九
1005.第四章第三十九条(6),年次有給休暇の時効,四七九
1006.第四章第三十九条,有給休暇の繰越,四七九
1007.第四章第三十九条,年次有給休暇の就業規則による繰越制限,四七九
1008.第四章第三十九条,時効の起算日,四七九
1009.第四章第三十九条,年次有給休暇の時効の中断,四七九
1010.第四章第三十九条,年休取得簿の記載と時効の中断,四七九
1011.第四章第三十九条(7),不利益取扱い,四八〇
1012.第四章第三十九条,年次有給休暇の取得に伴う不利益取扱い,四八〇
1013.第四章第四十条,労働時間及び休憩の特例,四八一
1014.第四章第四十条,則第二十五条の二、第二十五条の三、第二十六条、第三十一条、第三十二条、第三十三条,四八一
1015.第四章第四十条解釈例規,,
1016.第四章第四十条,労働時間の特例に係る規定の整備,四八二
1017.第四章第四十条(1),商業・サービス業関係,四八四
1018.第四章第四十条,十人未満の商業・サービス業の特例,四八四
1019.第四章第四十条(2),運輸交通業関係,四八四
1020.第四章第四十条,列車等の乗務員の予備勤務者の労働時間,四八四
1021.第四章第四十条,施行規則第二十六条の趣旨,四八四
1022.第四章第四十条(3),休憩時間の例外的取扱い,四八四
1023.第四章第四十条,施行規則第三十二条の趣旨,四八四
1024.第四章第四十条,列車掛,四八五
1025.第四章第四十条,電源乗務員,四八五
1026.第四章第四十条,郵便の業務に従事する者,四八五
1027.第四章第四十条,児童と起居をともにする者,四八五
1028.第四章第四十一条,労働時間等に関する規定の適用除外,四八六
1029.第四章第四十一条,則第二十三条、第三十四条,四八六
1030.第四章第四十一条解釈例規,,
1031.第四章第四十一条(1),本条の意義,四八六
1032.第四章第四十一条(1),林業の労働時間,四八六
1033.第四章第四十一条(1),深夜労働に関する規定との関係,四八六
1034.第四章第四十一条(1),法第四十一条該当者の有給休暇,四八六
1035.第四章第四十一条(2),監督又は管理の地位にある者の範囲,四八六
1036.第四章第四十一条(2),監督又は管理の地位にある者の範囲,四八六
1037.第四章第四十一条(2),安全管理者、衛生管理者,四八七
1038.第四章第四十一条(2),国営企業の場合,四八七
1039.第四章第四十一条(2),都市銀行等の場合,四八八
1040.第四章第四十一条(2),都市銀行等以外の金融機関の場合,四八八
1041.第四章第四十一条(2),多店舗展開する小売業、飲食業等の店舗における管理監督者の範囲の適正化について,四八九
1042.第四章第四十一条(2),多店舗展開する小売業、飲食業等の店舗における管理監督者の範囲の適正化を図るための周知等に当たって留意すべき事項について,四九一
1043.第四章第四十一条(3),機密の事務を取り扱う者,四九三
1044.第四章第四十一条(3),機密の事務を取り扱う者,四九三
1045.第四章第四十一条(4),監視又は断続的労働,四九三
1046.第四章第四十一条(4)イ,一般的許可基準,四九三
1047.第四章第四十一条(4),監視に従事する者,四九三
1048.第四章第四十一条(4),断続的労働に従事する者,四九四
1049.第四章第四十一条(4),断続労働と通常の労働とが混在・反覆する勤務,四九四
1050.第四章第四十一条(4),派遣中の労働者の場合,四九四
1051.第四章第四十一条(4)ロ,具体的な許可事例,四九四
1052.第四章第四十一条(4),坑内労働者の場合,四九四
1053.第四章第四十一条(4),製パン業の場合,四九五
1054.第四章第四十一条(4),汽艇(引船)乗務員の場合,四九五
1055.第四章第四十一条(4),寮母、看護婦の場合,四九六
1056.第四章第四十一条(4),タクシー運転手の場合,四九六
1057.第四章第四十一条(4),常備消防職員の場合,四九六
1058.第四章第四十一条(4),役員専属自動車運転者の場合,四九七
1059.第四章第四十一条(4),高圧線の保守等危険業務従事者の場合,四九七
1060.第四章第四十一条(4),警備業者が行う警備業務に係る監視又は断続的労働の許可について,四九七
1061.第四章第四十一条(4)ハ,法第四十一条該当労働者の割増賃金,四九九
1062.第四章第四十一条(4),法第四十一条該当者の割増賃金の基礎,四九九
1063.第四章第四十一条(4),監視断続労働者の深夜業の割増賃金,四九九
1064.第四章第四十一条(4),労働時間の定めのある法第四十一条第三号労働者の割増賃金,四九九
1065.第四章第四十一条(5),断続的な宿直・日直,四九九
1066.第四章第四十一条(5),施行規則第二十三条の根拠,四九九
1067.第四章第四十一条(5),日直、宿直と労働時間、休日との関係,五〇〇
1068.第四章第四十一条(5),施行規則第二十三条と第三十四条の関係等,五〇〇
1069.第四章第四十一条(5),施行規則第二十三条に係る疑義照会に対する回答,五〇〇
1070.第四章第四十一条(5),断続的な宿直又は日直勤務の許可基準,五〇一
1071.第四章第四十一条(5),許可後に申請事項の変更があつた場合,五〇二
1072.第四章第四十一条(5),年少者の日直,五〇二
1073.第四章第四十一条(5),短時間の宿直,五〇二
1074.第四章第四十一条(5),通常の労働後における連日の寄宿舎等の管理人としての勤務,五〇二
1075.第四章第四十一条(5),小学校の分校の場合,五〇三
1076.第四章第四十一条(5),開店のままする宿日直勤務,五〇三
1077.第四章第四十一条(5),日給者の当直による賃金,五〇四
1078.第四章第四十一条(5),代休を与えた場合の日直・宿直手当,五〇四
1079.第四章第四十一条(5),医師、看護婦等の宿直,五〇四
1080.第四章第四十一条(5),医師と看護婦の宿日直手当,五〇五
1081.第四章第四十一条(5),社会福祉施設の場合,五〇五
1082.第四章第四十一条(5),社会福祉施設の場合の留意点,五〇五
1083.第四章第四十一条(5),委託契約による学校用務員等,五〇七
1084.第四章第四十一条(5),輪番の夜警勤務,五一〇
1085.第四章第四十一条(5),電気事業の断続的な宿直,五一〇
1086.第四章第四十一条(5),JR信号保安関係職員の宿直,五一一
1087.第四章第四十一条(5),金融機関における第二・第三土曜日の日直勤務の許可申請の取扱い,五一一
1088.第四章第四十一条(5),新聞配達従業員,五一一
1089.第五章安全及び衛生,,
1090.第五章第四十二条,(安全及び衛生),五一二
1091.第五章第四十三条から第五十五条まで,削除,五一二
1092.第六章年少者,,
1093.第六章第五十六条,最低年齢,五一三
1094.第六章第五十六条,年則第一条、第二条、第九条,五一三
1095.第六章第五十六条解釈例規,,
1096.第六章第五十六条,児童の使用許可,五一三
1097.第六章第五十六条,児童の使用許可に関する取扱い,五一四
1098.第六章第五十六条,労働基準法第六十一条第五項の規定により読み替えられた同条第二項に規定する厚生労働大臣が必要であると認める場合及び期間について,五一五
1099.第六章第五十六条,ゴルフ場におけるキャデーの業務,五一七
1100.第六章第五十六条,修学していない年少者,五一七
1101.第六章第五十六条,年少者規則第一条の運用,五一七
1102.第六章第五十六条,年少者規則第二条の運用,五一七
1103.第六章第五十六条,法別表第一第一号から第五号までの事業の許可,五一七
1104.第六章第五十六条,年少者規則第九条の趣旨,五一八
1105.第六章第五十六条,サーカス団上演軽業又は技芸種目の取扱い,五一八
1106.第六章第五十六条,綱渡りとピラミッド曲芸,五一九
1107.第六章第五十六条,十八歳未満の者の年齢確認義務,五一九
1108.第六章第五十七条,年少者の証明書,五二〇
1109.第六章第五十七条解釈例規,,
1110.第六章第五十七条,年齢証明書の取扱い及び労働者名簿の記載等,五二〇
1111.第六章第五十八条,未成年者の労働契約,五二一
1112.第六章第五十八条,年則第三条,五二一
1113.第六章第五十九条,未成年者の賃金請求権,五二一
1114.第六章第六十条,労働時間及び休日,五二二
1115.第六章第六十条,則第三十四条の二,五二二
1116.第六章第六十条解釈例規,,
1117.第六章第六十条,年少者の労働時間,五二二
1118.第六章第六十条,他の日の意義,五二二
1119.第六章第六十条,週休二日制の場合,五二三
1120.第六章第六十条,修学時間の意義,五二三
1121.第六章第六十条,修学時間と労働時間,五二三
1122.第六章第六十条,法第六十条違反と法第三十二条違反との関係,五二三
1123.第六章第六十条,年少労働者の休日の変更,五二四
1124.第六章第六十条,休日の変更をしうる範囲,五二四
1125.第六章第六十条,変形労働時間制に関する規定の適用除外,五二四
1126.第六章第六十一条,深夜業,五二五
1127.第六章第六十一条,年則第五条,五二五
1128.第六章第六十一条,告示第四〇七号(平一六・一一),五二五
1129.第六章第六十一条解釈例規,,
1130.第六章第六十一条,使用の意義,五二六
1131.第六章第六十一条,交替の意義,五二六
1132.第六章第六十一条,満十六歳以上の男性の三交替制,五二六
1133.第六章第六十一条,駅勤務年少者の交替制,五二六
1134.第六章第六十一条,法第六十一条第一項ただし書の交替制の意義,五二七
1135.第六章第六十一条,交替制労働と割増賃金,五二七
1136.第六章第六十一条,電話交換業務に従事する者の深夜業,五二七
1137.第六章第六十二条,危険有害業務の就業制限,五二八
1138.第六章第六十二条,年則第七条、第八条,五二八
1139.第六章第六十二条解釈例規,,
1140.第六章第六十二条年少則第八条第一号,,
1141.第六章第六十二条,ボイラーの取扱いの業務,五三〇
1142.第六章第六十二条,小型ボイラーの運転、取扱いの業務,五三〇
1143.第六章第六十二条,ボイラーの定義,五三〇
1144.第六章第六十二条年少則第八条第二号,,
1145.第六章第六十二条,溶接,五三〇
1146.第六章第六十二条年少則第八条第三号・第十号,,
1147.第六章第六十二条,クレーン等の運転及び玉掛けの業務,五三〇
1148.第六章第六十二条年少則第八条第四号,,
1149.第六章第六十二条,上映操作,五三〇
1150.第六章第六十二条年少則第八条第五号,,
1151.第六章第六十二条,エレベーターの範囲,五三〇
1152.第六章第六十二条年少則第八条第六号,,
1153.第六章第六十二条,動力,五一三
1154.第六章第六十二条,運転,五一三
1155.第六章第六十二条年少則第八条第七号,,
1156.第六章第六十二条,巻上げ機,五一三
1157.第六章第六十二条,運搬機,五一三
1158.第六章第六十二条,年少者労働基準規則第八条第七号の運搬機の運転の業務の範囲,五三一
1159.第六章第六十二条,索道,五一三
1160.第六章第六十二条年少則第八条第八号,,
1161.第六章第六十二条,電路,五一三
1162.第六章第六十二条,充電電路,五一三
1163.第六章第六十二条年少則第八条第九号,,
1164.第六章第六十二条,ベルトの掛換え,五三一
1165.第六章第六十二条年少則第八条第十号,,
1166.第六章第六十二条,クレーン等の合図の業務,五三二
1167.第六章第六十二条年少則第八条第十一号,,
1168.第六章第六十二条,液体燃焼器,五三二
1169.第六章第六十二条年少則第八条第十二号,,
1170.第六章第六十二条,土木建築用機械,五三二
1171.第六章第六十二条,船舶荷扱用機械,五三二
1172.第六章第六十二条年少則第八条第十三号,,
1173.第六章第六十二条,ゴム等のロール練業務,五三二
1174.第六章第六十二条年少則第八条第十四号,,
1175.第六章第六十二条,丸のこ盤に木材を送給する業務の範囲,五三二
1176.第六章第六十二条,木材送給の業務の範囲,五三二
1177.第六章第六十二条,自動ローラー送り帯鋸盤と年少者の就業制限,五三二
1178.第六章第六十二条年少則第八条第十五号,,
1179.第六章第六十二条,プレス機械、シャーによる加工作業,五三三
1180.第六章第六十二条年少則第八条第十六号,,
1181.第六章第六十二条,操車場,五三三
1182.第六章第六十二条年少則第八条第十七号,,
1183.第六章第六十二条,ずい道,五三三
1184.第六章第六十二条,車両の通行が頻繁,五三三
1185.第六章第六十二条,単独で行う業務,五三三
1186.第六章第六十二条,見通し距離の意義,五三三
1187.第六章第六十二条年少則第八条第十八号,,
1188.第六章第六十二条,鍛造機械等を用いる金属加工,五三三
1189.第六章第六十二条年少則第八条第十九号,,
1190.第六章第六十二条,プレス機械、シャー等,五三三
1191.第六章第六十二条,プレス機械等による鋼板加工の業務,五三三
1192.第六章第六十二条,鋼板加工の業務,五三四
1193.第六章第六十二条年少則第八条第二十一号,,
1194.第六章第六十二条,手押しかんな盤等の取扱いの業務,五三四
1195.第六章第六十二条,木工用カッター,五三四
1196.第六章第六十二条,木工機による木材加工,五三四
1197.第六章第六十二条,木履製作工程中の丸目鉋、天鉋、糸鋸,五三五
1198.第六章第六十二条,ポータブル電気かんなの取扱いの業務,五三五
1199.第六章第六十二条年少則第八条第二十二号,,
1200.第六章第六十二条,破砕機又は粉砕機に材料を送給する業務,五三六
1201.第六章第六十二条,破砕機又は粉砕機,五三六
1202.第六章第六十二条年少則第八条第二十三号,,
1203.第六章第六十二条,土砂崩壊のおそれのある場所,五三六
1204.第六章第六十二条,五メートル以上の地穴,五三六
1205.第六章第六十二条,深さ五メートル以上の溝渠,五三六
1206.第六章第六十二条年少則第八条第二十四号,,
1207.第六章第六十二条,高さ五メートル以上の場所における業務,五三七
1208.第六章第六十二条,サーカス団上演軽業又は技芸種目の取扱い,五三七
1209.第六章第六十二条,綱渡りとピラミッド曲芸,五三八
1210.第六章第六十二条年少則第八条第二十五号,,
1211.第六章第六十二条,地上又は床上における補助作業,五三八
1212.第六章第六十二条年少則第八条第二十六号,,
1213.第六章第六十二条,立木の伐採の業務,五三八
1214.第六章第六十二条年少則第八条第二十七号,,
1215.第六章第六十二条,木材の搬出の業務(1),五三八
1216.第六章第六十二条,木材の搬出の業務(2),五三八
1217.第六章第六十二条,木馬道の作業,五三八
1218.第六章第六十二条,はい積みの作業,五三九
1219.第六章第六十二条,土場におけるはい積みの作業,五三九
1220.第六章第六十二条年少則第八条第二十八号,,
1221.第六章第六十二条,火薬、爆薬又は火工品、爆発のおそれのあるもの,五三九
1222.第六章第六十二条,打上煙火の玉はり作業,五三九
1223.第六章第六十二条,煙火工場の爆発,五四〇
1224.第六章第六十二条年少則第八条第二十九号,,
1225.第六章第六十二条,発火のおそれのあるもの,五四〇
1226.第六章第六十二条,引火のおそれのあるもの,五四〇
1227.第六章第六十二条,ガソリンスタンドにおける給油業務,五四〇
1228.第六章第六十二条年少則第八条第三十一号,,
1229.第六章第六十二条,圧縮ガス、液化ガスの製造等,五四一
1230.第六章第六十二条年少則第八条第三十二号,,
1231.第六章第六十二条,有害物取扱い等の業務,五四一
1232.第六章第六十二条年少則第八条第三十三号,,
1233.第六章第六十二条,有機溶剤業務の年少者の就業制限,五四一
1234.第六章第六十二条年少則第八条第三十四号,,
1235.第六章第六十二条,土石、獣毛のじんあい又は粉末を著しく飛散する場所における業務,五四一
1236.第六章第六十二条年少則第八条第三十五号,,
1237.第六章第六十二条,ラジウム放射線、エックス線、その他の有害放射線にさらされる業務,五四一
1238.第六章第六十二条年少則第八条第三十六号,,
1239.第六章第六十二条,多量の高熱物体を取扱う業務及び著しく暑熱な場所における業務,五四一
1240.第六章第六十二条年少則第八条第三十七号,,
1241.第六章第六十二条,多量の低温物体を取扱う業務及び著しく寒冷な場所における業務,五四二
1242.第六章第六十二条年少則第八条第三十八号,,
1243.第六章第六十二条,異常気圧下における業務,五四二
1244.第六章第六十二条年少則第八条第三十九号,,
1245.第六章第六十二条,さく岩機、鋲打機等の使用によつて身体に著しい振動を与える業務,五四二
1246.第六章第六十二条,さく岩機等による振動業務,五四二
1247.第六章第六十二条年少則第八条第四十号,,
1248.第六章第六十二条,強烈な騒音を発する場所における業務,五四二
1249.第六章第六十二条,騒音発生場所における業務,五四二
1250.第六章第六十二条年少則第八条第四十二号,,
1251.第六章第六十二条,焼却の業務,五四二
1252.第六章第六十二条,清掃の業務,五四二
1253.第六章第六十二条年少則第八条第四十三号,,
1254.第六章第六十二条,精神病院で養成中の年少者,五四三
1255.第六章第六十二条年少則第八条第四十五号,,
1256.第六章第六十二条,特殊の遊興的接客業における業務,五四三
1257.第六章第六十二条,特殊の遊興的接客業務の範囲,五四三
1258.第六章第六十三条,坑内労働の禁止,五四三
1259.第六章第六十三条解釈例規,,
1260.第六章第六十三条,鉱山における坑の範囲,五四三
1261.第六章第六十四条,帰郷旅費,五四四
1262.第六章第六十四条,年則第十条,五四四
1263.第六章の二妊産婦等,,
1264.第六章の二第六十四条の二,坑内業務の就業制限,五四五
1265.第六章の二第六十四条の二,女則第一条,五四五
1266.第六章の二第六十四条の二解釈例規,,
1267.第六章の二第六十四条の二,改正の趣旨,五四五
1268.第六章の二第六十四条の二,妊産婦等の坑内労働の就業制限について,五四五
1269.第六章の二第六十四条の二,改正労働基準法(妊産婦等の坑内労働の就業制限関係)の施行について,五四七
1270.第六章の二第六十四条の二,入坑前の安全衛生教育等の確保,五四八
1271.第六章の二第六十四条の二,妊娠中の女性の坑内労働の禁止,五四八
1272.第六章の二第六十四条の二,鉱山における坑の範囲,五四八
1273.第六章の二第六十四条の三,危険有害業務の就業制限,五四八
1274.第六章の二第六十四条の三,女則第二条、第三条,五四八
1275.第六章の二第六十四条の三解釈例規,,
1276.第六章の二第六十四条の三(1),妊産婦に対する就業制限,五五一
1277.第六章の二第六十四条の三(1),妊産婦に対する就業制限,五五一
1278.第六章の二第六十四条の三(1),妊産婦以外の女性に対する就業制限,五五一
1279.第六章の二第六十四条の三(2),女性則第二条の運用基準,五五一
1280.第六章の二第六十四条の三(2)女性則第二条第一項第二号,,
1281.第六章の二第六十四条の三(2),ボイラーの取扱いの業務,五五一
1282.第六章の二第六十四条の三(2),ボイラーの取扱い及び溶接の業務,五五一
1283.第六章の二第六十四条の三(2)女性則第二条第一項第三号,,
1284.第六章の二第六十四条の三(2),溶接,五五一
1285.第六章の二第六十四条の三(2)女性則第二条第一項第四号・第六号,,
1286.第六章の二第六十四条の三(2),クレーン等の運転及び玉掛けの業務,五五一
1287.第六章の二第六十四条の三(2)女性則第二条第一項第五号,,
1288.第六章の二第六十四条の三(2),ベルトの掛換え,五五一
1289.第六章の二第六十四条の三(2)女性則第二条第一項第六号,,
1290.第六章の二第六十四条の三(2),玉掛けの業務,五五二
1291.第六章の二第六十四条の三(2)女性則第二条第一項第七号,,
1292.第六章の二第六十四条の三(2),土木建築用機械,五五二
1293.第六章の二第六十四条の三(2),船舶荷扱用機械,五五二
1294.第六章の二第六十四条の三(2)女性則第二条第一項第八号,,
1295.第六章の二第六十四条の三(2),丸のこ盤等に木材を送給する業務,五五二
1296.第六章の二第六十四条の三(2),丸のこ盤に木材を送給する業務の範囲,五五二
1297.第六章の二第六十四条の三(2),木材送給の業務の範囲,五五二
1298.第六章の二第六十四条の三(2)女性則第二条第一項第九号,,
1299.第六章の二第六十四条の三(2),操車場,五五二
1300.第六章の二第六十四条の三(2)女性則第二条第一項第十号,,
1301.第六章の二第六十四条の三(2),鍛造機械等を用いる金属加工,五五二
1302.第六章の二第六十四条の三(2)女性則第二条第一項第十一号,,
1303.第六章の二第六十四条の三(2),プレス機械、シャー等,五五二
1304.第六章の二第六十四条の三(2),プレス機械等による鋼板加工の業務,五五三
1305.第六章の二第六十四条の三(2),鋼板加工の業務,五五三
1306.第六章の二第六十四条の三(2)女性則第二条第一項第十二号,,
1307.第六章の二第六十四条の三(2),破砕機又は粉砕機に材料を送給する業務,五五三
1308.第六章の二第六十四条の三(2),破砕機又は粉砕機,五五三
1309.第六章の二第六十四条の三(2)女性則第二条第一項第十三号,,
1310.第六章の二第六十四条の三(2),土砂崩壊のおそれのある場所,五五三
1311.第六章の二第六十四条の三(2),深さ五メートル以上の地穴,五五三
1312.第六章の二第六十四条の三(2),深さ五メートル以上の溝渠,五五三
1313.第六章の二第六十四条の三(2)女性則第二条第一項第十四号,,
1314.第六章の二第六十四条の三(2),高さ五メートル以上の場所における業務,五五四
1315.第六章の二第六十四条の三(2)女性則第二条第一項第十五号,,
1316.第六章の二第六十四条の三(2),地上又は床上における補助作業,五五四
1317.第六章の二第六十四条の三(2)女性則第二条第一項第十六号,,
1318.第六章の二第六十四条の三(2),立木の伐採の業務,五五四
1319.第六章の二第六十四条の三(2)女性則第二条第一項第十七号,,
1320.第六章の二第六十四条の三(2),木材の搬出の業務(1),五五四
1321.第六章の二第六十四条の三(2),木材の搬出の業務(2),五五四
1322.第六章の二第六十四条の三(2),木馬道の作業,五五四
1323.第六章の二第六十四条の三(2),はい積みの作業,五五五
1324.第六章の二第六十四条の三(2),土場におけるはい積みの作業,五五五
1325.第六章の二第六十四条の三(2)女性則第二条第一項第十八号,,
1326.第六章の二第六十四条の三(2),有害物に係る就業禁止業務,五五五
1327.第六章の二第六十四条の三(2)女性則第二条第一項第十九号・第二十号,,
1328.第六章の二第六十四条の三(2),多量の高熱物体を取扱う業務及び著しく暑熱な場所における業務,五五七
1329.第六章の二第六十四条の三(2)女性則第二条第一項第二十一号・第二十二号,,
1330.第六章の二第六十四条の三(2),多量の低温物体を取扱う業務及び著しく寒冷な場所における業務,五五七
1331.第六章の二第六十四条の三(2)女性則第二条第一項第二十三号,,
1332.第六章の二第六十四条の三(2),異常気圧下における業務,五五七
1333.第六章の二第六十四条の三(2)女性則第二条第一項第二十四号,,
1334.第六章の二第六十四条の三(2),さく岩機等による振動業務,五五七
1335.第六章の二第六十五条,産前産後,五五七
1336.第六章の二第六十五条解釈例規,,
1337.第六章の二第六十五条,出産の範囲,五五八
1338.第六章の二第六十五条,妊娠中絶と産前産後休業,五五八
1339.第六章の二第六十五条,出産当日の取扱い,五五八
1340.第六章の二第六十五条,産前休業と産後休業の通算等,五五八
1341.第六章の二第六十五条,ストライキ期間中の産前産後休業,五五九
1342.第六章の二第六十五条,産前産後休業と解雇制限との関係,五五九
1343.第六章の二第六十五条,軽易業務転換の趣旨,五五九
1344.第六章の二第六十六条,(妊産婦の時間外労働等),五六〇
1345.第六章の二第六十六条解釈例規,,
1346.第六章の二第六十六条,妊産婦に対する変形労働時間制の適用についての制限,五六〇
1347.第六章の二第六十六条,妊産婦の時間外労働、休日労働及び深夜業の制限,五六〇
1348.第六章の二第六十六条,妊産婦の時間外労働等の制限と軽易業務転換との関係,五六〇
1349.第六章の二第六十六条,妊産婦の時間外労働等の制限と管理監督者の地位にある者等との関係,五六〇
1350.第六章の二第六十七条,育児時間,五六一
1351.第六章の二第六十七条解釈例規,,
1352.第六章の二第六十七条,託児所の設置,五六一
1353.第六章の二第六十七条,育児時間,五六一
1354.第六章の二第六十七条,勤務時間の始め又は終りの育児時間,五六一
1355.第六章の二第六十七条,一日の労働時間が四時間以内である場合の育児時間,五六一
1356.第六章の二第六十八条,生理日の就業が著しく困難な女性に対する措置,五六二
1357.第六章の二第六十八条解釈例規,,
1358.第六章の二第六十八条,生理日の就業が著しく困難な女性に対する措置,五六二
1359.第六章の二第六十八条,休暇の日数制限,五六二
1360.第六章の二第六十八条,生理日の就業困難の挙証,五六二
1361.第六章の二第六十八条,休暇中の賃金,五六二
1362.第六章の二第六十八条,ストライキ期間中の生理日の就業が著しく困難な女性に対する措置,五六二
1363.第六章の二第六十八条,出勤率の計算,五六三
1364.第七章技能者の養成,,
1365.第七章第六十九条,徒弟の弊害排除,五六四
1366.第七章第六十九条解釈例規,,
1367.第七章第六十九条,趣旨及び運用方針,五六四
1368.第七章第七十条,職業訓練に関する特例,五六四
1369.第七章第七十条,則第三十四条の二の二、第三十四条の三、別表第一,五六五
1370.第七章第七十条解釈例規,,
1371.第七章第七十条,就業を認められた危険有害業務,五七五
1372.第七章第七十条,技能養成工の労働契約,五七五
1373.第七章第七十一条,(職業訓練に関する特例の適用除外),五七五
1374.第七章第七十一条,則第三十四条の四、第三十四条の五,五七五
1375.第七章第七十一条解釈例規,,
1376.第七章第七十一条,許可の取扱い等,五七五
1377.第七章第七十一条,共同職業訓練の場合における許可申請書の提出方法,五七六
1378.第七章第七十一条,二以上の都道府県にわたつて行われる職業訓練に対する法第七十一条の許可等,五七六
1379.第七章第七十一条,職業訓練を行わなくなつた事業主等に対する許可の取消し,五七六
1380.第七章第七十一条,職業訓練団体の行う認定職業訓練の場合,五七七
1381.第七章第七十一条第七十二条,(未成年訓練生の年次有給休暇),五七八
1382.第七章第七十一条解釈例規,,
1383.第七章第七十一条,趣旨,五七八
1384.第七章第七十一条,法第七十条に基づいて発する命令の適用を受ける未成年者でなくなつた場合,五七八
1385.第七章第七十三条,(職業訓練に関する特例の厚生労働省令違反),五七八
1386.第七章第七十三条解釈例規,,
1387.第七章第七十三条,法第七十三条の趣旨,五七八
1388.第七章第七十三条,許可取消の取扱い,五七八
1389.第七章第七十四条,削除,五七九
1390.第八章災害補償,,
1391.第八章第七十五条,療養補償,五八〇
1392.第八章第七十六条,休業補償,五八〇
1393.第八章第七十七条,障害補償,五八一
1394.第八章第七十八条,休業補償及び障害補償の例外,五八一
1395.第八章第七十九条,遺族補償,五八一
1396.第八章第八十条,葬祭料,五八一
1397.第八章第八十一条,打切補償,五八二
1398.第八章第八十二条,分割補償,五八二
1399.第八章第八十三条,補償を受ける権利,五八二
1400.第八章第八十四条,他の法律との関係,五八二
1401.第八章第八十五条,審査及び仲裁,五八二
1402.第八章第八十六条,(労災保険審査官の審査及び仲裁),五八三
1403.第八章第八十七条,請負事業に関する例外,五八三
1404.第八章第八十八条,補償に関する細目,五八三
1405.第九章就業規則,,
1406.第九章第八十九条,作成及び届出の義務,五八五
1407.第九章第八十九条,則第四十九条,五八五
1408.第九章第八十九条解釈例規,,
1409.第九章第八十九条(1),作成及び届出,五八六
1410.第九章第八十九条(1),一部の労働者に適用される別個の就業規則,五八六
1411.第九章第八十九条(1),労働協約の規定と重複する事項の記載,五八六
1412.第九章第八十九条(1),派遣労働者と就業規則,五八六
1413.第九章第八十九条(1),法第八十九条に規定する就業規則及び法第九十五条に規定する寄宿舎規則の電子媒体による届出について,五八七
1414.第九章第八十九条(1),就業規則の本社一括届出について,五八七
1415.第九章第八十九条(2),内容,五八七
1416.第九章第八十九条(2),必要記載事項の一部を欠く就業規則の効力,五八七
1417.第九章第八十九条(2),始業・終業の時刻等が勤務態様等により異なる場合,五八八
1418.第九章第八十九条(2),派遣労働者の場合,五八八
1419.第九章第八十九条(2),監視断続的労働に従事する者の始業・終業時刻,五八八
1420.第九章第八十九条(2),就業規則の記載事項,五八八
1421.第九章第八十九条(2),退職手当に関する事項の明記,五八八
1422.第九章第八十九条(2),中退金等の就業規則への記載,五八九
1423.第九章第八十九条(2),支払時期の記載の程度,五八九
1424.第九章第八十九条(2),慣習の記載,五八九
1425.第九章第八十九条(2),労働条件の決定変更につき組合の同意を必要とする旨の規定,五八九
1426.第九章第八十九条(2),欠勤日を年次有給休暇に振替える場合の規定,五八九
1427.第九章第八十九条(2),旅費に関する事項,五八九
1428.第九章第八十九条(2),職業訓練に関する事項,五八九
1429.第九章第八十九条(2),育児休業の就業規則への記載,五八九
1430.第九章第九十条,作成の手続,五九一
1431.第九章第九十条,則第六条の二,五九一
1432.第九章第九十条解釈例規,,
1433.第九章第九十条(1),意見聴取の相手方,五九一
1434.第九章第九十条(1),一部の労働者に適用される別個の就業規則についての意見聴取,五九一
1435.第九章第九十条(1),労働組合が単一組織である場合の意見聴取の相手方,五九一
1436.第九章第九十条(1),派遣元の事業場における意見聴取,五九二
1437.第九章第九十条(1),労働者の過半数代表者の要件,五九二
1438.第九章第九十条(1),労働者の過半数代表者の選出手続,五九二
1439.第九章第九十条(1),過半数代表者の不利益取扱い,五九二
1440.第九章第九十条(2),意見聴取の程度,五九三
1441.第九章第九十条(2),意見聴取の程度,五九三
1442.第九章第九十条(2),労働組合の意見,五九三
1443.第九章第九十条(3),就業規則の受理,五九三
1444.第九章第九十条(3),就業規則の受理,五九三
1445.第九章第九十一条,制裁規定の制限,五九三
1446.第九章第九十一条解釈例規,,
1447.第九章第九十一条(1),制裁の種類,五九三
1448.第九章第九十一条(1),制裁の種類,五九三
1449.第九章第九十一条(1),出勤停止,五九三
1450.第九章第九十一条(1),昇給停止の制裁,五九四
1451.第九章第九十一条(1),制裁としての格下げによる賃金の低下,五九四
1452.第九章第九十一条(1),制裁として月給者を日給者に格下げすることによる賃金の低下,五九四
1453.第九章第九十一条(1),降給,五九四
1454.第九章第九十一条(2),制裁の限度,五九五
1455.第九章第九十一条(2),一回の額・総額,五九五
1456.第九章第九十一条(2),遅刻・早退の場合の賃金カット,五九五
1457.第九章第九十一条(2),遅刻・早退の賃金控除,五九五
1458.第九章第九十一条(2),賞与からの減給による制裁,五九五
1459.第九章第九十一条(2),法第九十一条の規定における平均賃金の算定起算日,五九五
1460.第九章第九十一条(2),減給制裁の制限,五九六
1461.第九章第九十二条,法令及び労働協約との関係,五九六
1462.第九章第九十二条,則第五十条,五九六
1463.第九章第九十二条解釈例規,,
1464.第九章第九十二条,同意約款に反する作成変更,五九六
1465.第九章第九十三条,労働契約との関係,五九七
1466.第十章寄宿舎,,
1467.第十章第九十四条,寄宿舎生活の自治,五九八
1468.第十章第九十四条,寄第四条,五九八
1469.第十章第九十四条,建寄第五条,五九八
1470.第十章第九十四条解釈例規,,
1471.第十章第九十四条(1),本条の意義,五九八
1472.第十章第九十四条(1),趣旨及び運用方針,五九八
1473.第十章第九十四条(1),寄宿舎規程第四条の趣旨,五九八
1474.第十章第九十四条(2),事業附属寄宿舎の範囲,五九八
1475.第十章第九十四条(2),事業附属寄宿舎の範囲,五九八
1476.第十章第九十四条(2),営林署の山小屋,五九九
1477.第十章第九十四条(2),漁船に労働者が寄宿する場合,五九九
1478.第十章第九十四条(2),共同生活の実態のない合宿所,五九九
1479.第十章第九十四条(3),寄宿舎生活の自治,六〇〇
1480.第十章第九十四条(3),寄宿舎役員の選出及び寄宿舎規則の作成との関係,六〇〇
1481.第十章第九十四条(3),自治会役員の地位,六〇一
1482.第十章第九十四条(3),専任寮長の給料,六〇一
1483.第十章第九十四条(3),寄宿舎の管理人、寮母,六〇一
1484.第十章第九十五条,寄宿舎生活の秩序,六〇一
1485.第十章第九十五条,寄第一条、第一条の二、第二条、第三条,六〇二
1486.第十章第九十五条,建寄第一条、第二条、第二条の二、第三条、第三条の二、第四条,六〇二
1487.第十章第九十五条解釈例規,,
1488.第十章第九十五条,規程第二条の周知させる措置,六〇三
1489.第十章第九十五条,規程第三条の趣旨,六〇三
1490.第十章第九十五条,寄宿舎規則作成の方法,六〇三
1491.第十章第九十五条,事情変更による寄宿舎規則の変更,六〇三
1492.第十章第九十五条,事業主等の明示,六〇四
1493.第十章第九十五条寄宿舎管理者の職務六〇四,,
1494.第十章第九十六条,寄宿舎の設備及び安全衛生,六〇五
1495.第十章第九十六条,寄第五条、第六条、第七条、第八条、第九条、第十条、第十一条、第十二条、第十三条、第十三条の二、第十四条、第十五条、第十七条、第十八条、第十九条、第二十条、第二十一条、第二十二条、第二十三条、第二十四条、第二十五条、第二十五条の二、第二十六条、第二十七条、第二十入条、第二十九条、第三十条、第三十一条、第三十二条、第三十三条、第三十四条、第三十五条、第三十六条、第三十七条、第三十八条、第三十九条,六〇五
1496.第十章第九十六条,建寄第六条、第七条、第七条の二、第八条、第九条、第十条、第十一条、第十二条、第十二条の二、第十二条の三、第十三条、第十四条、第十五条、第十六条、第十七条、第十八条、第十九条、第二十条、第二十一条、第二十二条、第二十三条、第二十三条の二、第二十四条,六一〇
1497.第十章第九十六条解釈例規,,
1498.第十章第九十六条(1),事業附属寄宿舎規程関係,六一四
1499.第十章第九十六条(1),教養娯楽面会の室,六一四
1500.第十章第九十六条(1),附近,六一四
1501.第十章第九十六条(1),建物又は場所,六一四
1502.第十章第九十六条(1),完全な区画,六一四
1503.第十章第九十六条(1),耐火構造,六一四
1504.第十章第九十六条(1),防火壁,六一四
1505.第十章第九十六条(1),規程第十条の趣旨,六一四
1506.第十章第九十六条(1),主要構造部,六一四
1507.第十章第九十六条(1),不燃材料,六一四
1508.第十章第九十六条(1),階段,六一四
1509.第十章第九十六条(1),避難斜面,六一五
1510.第十章第九十六条(1),適当な避難設備,六一五
1511.第十章第九十六条(1),規程第十一条の解釈,六一五
1512.第十章第九十六条(1),他の施設と共用する階段,六一五
1513.第十章第九十六条(1),出入口の戸,六一五
1514.第十章第九十六条(1),規程第十七条の趣旨,六一七
1515.第十章第九十六条(1),規程第十八条の趣旨,六一七
1516.第十章第九十六条(1),適当な換気のための設備,六一七
1517.第十章第九十六条(1),両側廊下,六一八
1518.第十章第九十六条(1),中廊下,六一八
1519.第十章第九十六条(1),二段寝台,六一八
1520.第十章第九十六条(1),身廻品,六二〇
1521.第十章第九十六条(1),有効採光面積,六二〇
1522.第十章第九十六条(1),寝具等,六二〇
1523.第十章第九十六条(1),寄宿舎における寝具等の損料の徴収,六二〇
1524.第十章第九十六条(1),清潔保持についての協力,六二〇
1525.第十章第九十六条(1),睡眠を妨げない適当な方法,六二〇
1526.第十章第九十六条(1),寄宿舎に近接した位置,六二〇
1527.第十章第九十六条(1),規程第二十五条第五号の趣旨,六二一
1528.第十章第九十六条(1),水質検査,六二一
1529.第十章第九十六条(1),規程第二十五条の二第二項の趣旨,六二一
1530.第十章第九十六条(1),汚水・汚物,六二一
1531.第十章第九十六条(1),規程第二十七条の趣旨,六二一
1532.第十章第九十六条(1),規程第二十八条の趣旨,六二一
1533.第十章第九十六条(1),便所と便房,六二二
1534.第十章第九十六条(1),男女別,六二二
1535.第十章第九十六条(1),便房の数,六二二
1536.第十章第九十六条(1),流出する水によつて手を洗う設備,六二二
1537.第十章第九十六条(1),規程第三十一条の検査,六二二
1538.第十章第九十六条(1),その他の伝染性眼疾患及びその他の伝染性皮膚疾患,六二二
1539.第十章第九十六条(1),検査の回数,六二二
1540.第十章第九十六条(1),規程第三十二条の趣旨,六二二
1541.第十章第九十六条(1),規程第三十三条の趣旨,六二二
1542.第十章第九十六条(1),衛生に関し経験のある者,六二二
1543.第十章第九十六条(1),衛生に関する相談,六二二
1544.第十章第九十六条(1),担当者,六二三
1545.第十章第九十六条(1),伝染性の疾病,六二三
1546.第十章第九十六条(1),修正適用許可の基準,六二三
1547.第十章第九十六条(1),様式第三号の記入方法,六二三
1548.第十章第九十六条(1),修正適用の運用方針,六二三
1549.第十章第九十六条(1),第二種寄宿舎の意義,六二三
1550.第十章第九十六条(1),国有林野事業の寄宿舎に対する事業附属寄宿舎規程の適用について,六二三
1551.第十章第九十六条(1),入浴のための設備,六二四
1552.第十章第九十六条(2),建設業附属寄宿舎規程関係,六二四
1553.第十章第九十六条(2),建設業附属寄宿舎規程の一部を改正する省令の施行について,六二四
1554.第十章第九十六条(2),適用の範囲,六二五
1555.第十章第九十六条(2),寄宿舎規則の届出,六二五
1556.第十章第九十六条(2),設置場所,六二六
1557.第十章第九十六条(2),規程第七条(敷地の衛生)の趣旨,六二六
1558.第十章第九十六条(2),ためます,六二七
1559.第十章第九十六条(2),敷地の衛生,六二七
1560.第十章第九十六条(2),避難階段等(1),六二七
1561.第十章第九十六条(2),避難階段等(2),六二八
1562.第十章第九十六条(2),出入口及び避難階段等,六二八
1563.第十章第九十六条(2),容易に避難できるよう,六二九
1564.第十章第九十六条(2),出入口,六二九
1565.第十章第九十六条(2),規程第十条第一項の趣旨,六二九
1566.第十章第九十六条(2),警報設備(1),六二九
1567.第十章第九十六条(2),警報設備(2),六二九
1568.第十章第九十六条(2),規程第十二条(消火設備)の趣旨,六三一
1569.第十章第九十六条(2),消火設備,六三一
1570.第十章第九十六条(2),避難等の訓練,六三一
1571.第十章第九十六条(2),掃除用具,六三二
1572.第十章第九十六条(2),規程第十三条(階段の構造)の趣旨,六三二
1573.第十章第九十六条(2),階段の構造,六三二
1574.第十章第九十六条(2),規程第十四条(廊下の幅)の趣旨,六三三
1575.第十章第九十六条(2),規程第十五条(常夜燈)の趣旨,六三三
1576.第十章第九十六条(2),規程第十六条(寝室)の趣旨,六三三
1577.第十章第九十六条(2),寝室,六三四
1578.第十章第九十六条(2),規程第十七条(食堂及び炊事場)の趣旨,六三五
1579.第十章第九十六条(2),食堂及び炊事場,六三五
1580.第十章第九十六条(2),飲用水等,六三六
1581.第十章第九十六条(2),規程第十九条(浴場)の趣旨,六三六
1582.第十章第九十六条(2),浴場,六三六
1583.第十章第九十六条(2),適当な距離,六三七
1584.第十章第九十六条(2),便房,六三七
1585.第十章第九十六条(2),汚物が土中に浸透しない構造,六三七
1586.第十章第九十六条(2),設備,六三七
1587.第十章第九十六条(2),便所,六三七
1588.第十章第九十六条(2),規程第二十一条(くつ、雨具等の収納設)の趣旨,六三七
1589.第十章第九十六条(2),洗面所、洗たく場及び物干し場,六三七
1590.第十章第九十六条(2),休養室,六三八
1591.第十章第九十六条(2),規程第二十四条(適用除外)の趣旨,六三八
1592.第十章第九十六条(2),適用除外,六三八
1593.第十章第九十六条(2),事業附属寄宿舎規程の規定の準用の廃止,六三八
1594.第十章第九十六条(2),設置等の届出様式,六三九
1595.第十章第九十六条(2),望ましい建設業附属寄宿舎に関するガイドラインについて,六三九
1596.第十章第九十六条の二,監督上の行政措置,六四四
1597.第十章第九十六条の二,則第五十条の二,六四四
1598.第十章第九十六条の二,寄第三条の二,六四五
1599.第十章第九十六条の二,建寄第五条の二,六四五
1600.第十章第九十六条の三,(行政官庁の使用停止命令等),六四五
1601.第十一章監督機関,,
1602.第十一章第九十七条,監督機関の職員等,六四六
1603.第十一章第九十七条,機関令第一条、第二条、第三条、第四条、第五条、第六条、第七条,六四六
1604.第十一章第九十八条,削除,六四七
1605.第十一章第九十九条,労働基準主管局長等の権限,六四八
1606.第十一章第百条,女性主管局長の権限,六四八
1607.第十一章第百条,女則第四条,六四九
1608.第十一章第百一条,労働基準監督官の権限,六四九
1609.第十一章第百二条,(労働基準監督官の司法警察権),六四九
1610.第十一章第百三条,(労働基準監督官の即時処分権),六五〇
1611.第十一章第百四条,監督機関に対する申告,六五〇
1612.第十一章第百四条の二,報告等,六五〇
1613.第十一章第百四条の二,則第五十七条、第五十八条、第五十九条、第五十九条の二,六五〇
1614.第十一章第百四条の二解釈例規,,
1615.第十一章第百四条の二,報告の義務,六五一
1616.第十一章第百四条の二,申請書類の取扱い,六五二
1617.第十一章第百四条の二,事業の継承廃止等の場合の報告,六五二
1618.第十一章第百五条,労働基準監督官の義務,六五二
1619.第十二章雑則,,
1620.第十二章第百五条の二国の援助義務,,
1621.第十二章第百六条,法令等の周知義務,六五三
1622.第十二章第百六条,則第五十二条の二,六五三
1623.第十二章第百六条解釈例規,,
1624.第十二章第百六条,周知の対象,六五四
1625.第十二章第百六条,周知方法(1),六五四
1626.第十二章第百六条,事業場及び作業場の意義,六五四
1627.第十二章第百六条,周知方法(2),六五四
1628.第十二章第百六条,労使委員会の決議の周知,六五四
1629.第十二章第百七条,労働者名簿,六五五
1630.第十二章第百七条,則第五十三条、第五十五条の二、第五十九条の二,六五五
1631.第十二章第百七条解釈例規則,,
1632.第十二章第百七条,労働者名簿の記入事項の簡素化,六五五
1633.第十二章第百七条,製陶業における焼成工,六五五
1634.第十二章第百七条,年難明書の取扱い及び労働者名簿の記載等,六五六
1635.第十二章第百七条,派遣労働者の労働者名簿と賃金台帳,六五六
1636.第十二章第百七条,磁気ディスク等による労働者名簿、賃金台帳の調製について,六五六
1637.第十二章第百八条,賃金台帳,六五七
1638.第十二章第百八条,則第五十四条、第五十五条、第五十五条の二、第五十九条の二,六五七
1639.第十二章第百八条解釈例規,,
1640.第十二章第百八条,法第四十一条該当者の深夜割増賃金,六五八
1641.第十二章第百八条,賃金台帳の記入方法,六五八
1642.第十二章第百八条,休業手当等の賃金台帳の記入方法,六五八
1643.第十二章第百八条,賃金の追給の場合の賃金台帳の記入法,六五八
1644.第十二章第百八条,組合専従者の賃金台帳,六五九
1645.第十二章第百八条,分割された賃金台帳,六五九
1646.第十二章第百八条,マイクロフィルム化した賃金台帳について,六五九
1647.第十二章第百八条,磁気ディスク等による労働者名簿、賃金台帳の調製について,六六〇
1648.第十二章第百八条,賃金台帳の様式,六六〇
1649.第十二章第百八条,派遣労働者の労働者名簿と賃金台帳,六六〇
1650.第十二章第百九条,記録の保存,六六一
1651.第十二章第百九条,則第五十六条,六六一
1652.第十二章第百九条<参考法令>,,
1653.第十二章第百九条,民間事業者等が行う書面の保存等における情報通信の技術の利用に関する法律,六六一
1654.第十二章第百九条,厚生労働省の所管する法令の規定に基づく民間事業者等が行う書面の保存等における情報通信の技術の利用に関する省令,六六一
1655.第十二章第百九条解釈例規,,
1656.第十二章第百九条,光磁気ディスク等による記録の保存について,六六二
1657.第十二章第百九条,労働者名簿、賃金台帳等の保存,六六二
1658.第十二章第百九条,電磁的記録による保存の方法,六六二
1659.第十二章第百十条,削除,六六三
1660.第十二章第百十一条,無料証明,六六四
1661.第十二章第百十二条,国及び公共団体についての適用,六六四
1662.第十二章第百十二条解釈例規,,
1663.第十二章第百十二条,国家公務員及び地方公務員に対する労働基準法の適用関係,六六四
1664.第十二章第百十二条,独立行政法人に対する労働基準関係法令の適用について,六六四
1665.第十二章第百十二条,公務員等に係る法の適用関係,六六五
1666.第十二章第百十三条,命令の制定,六七六
1667.第十二章第百十四,条付加金の支払,六七六
1668.第十二章第百十五,条時効,六七六
1669.第十二章第百十五解釈例規,,
1670.第十二章第百十五,請求権の消滅と罰則の関係,六七六
1671.第十二章第百十五,退職手当の時効,六七七
1672.第十二章第百十五,有給休暇の繰越,六七七
1673.第十二章第百十五,年次有給休暇の就業規則による繰越制限,六七七
1674.第十二章第百十五,年次有給休暇の時効の中断,六七七
1675.第十二章第百十五,年休取得簿の記載と時効の中断,六七七
1676.第十二章第百十五,退職時の証明の時効,六七七
1677.第十二章第百十五条の二,経過措置,六七八
1678.第十二章第百十六条,適用外,六七八
1679.第十二章第百十六条解釈例規,,
1680.第十二章第百十六条(1),船員法に規定する船員,六七八
1681.第十二章第百十六条(1),法の適用をうける船舶の範囲,六七八
1682.第十二章第百十六条(2),同居の親族及び家事使用人,六七九
1683.第十二章第百十六条(2),同居の親族のうちの労働者の範囲,六七九
1684.第十二章第百十六条(2),同居の内縁の妻,六七九
1685.第十二章第百十六条(2),法第百十六条第二項の「家事使用人」,六七九
1686.第十三章罰則,,
1687.第十三章第百十七条,,六八〇
1688.第十三章第百十八条,,六八〇
1689.第十三章第百十九条,,六八〇
1690.第十三章第百二十条,,六八〇
1691.第十三章第百二十一条,,六八一
1692.第十三章第百二十一条解釈例規,,
1693.第十三章第百二十一条,従業者の範囲,六八二
1694.第十三章第百二十一条,従業者の具体的範囲,六八二
1695.第十三章第百二十一条,違反行為者,六八二
1696.第十三章第百二十一条,在日米軍間接雇用労務者に対する違反行為者,六八二
1697.第十三章第百二十一条,事務代理の懈怠と罰則の適用について,六八二
1698.附則,,
1699.第百二十二条,,六八三
1700.第百二十三条,,六八三
1701.第百二十七条,,六八三
1702.第百二十八条,,六八三
1703.第百二十九条,,六八三
1704.第百三十条,,六八三
1705.第百三十一条,,六八四
1706.第百三十二条,,六八四
1707.第百三十三条,,六八五
1708.第百三十四条,,六八六
1709.第百三十五条,,六八六
1710.第百三十六条,,六八七
1711.第百三十七条,,六八七
1712.第百三十八条,,六八七
1713.別表第一(第三十三条、第四十条、第四十一条、第五十六条、第六十一条関係),,七〇一
1714.解釈例規,,
1715.別表第一(1),一般的な適用,七〇二
1716.別表第一(1)第一号,,
1717.別表第一(1)第一号,サルベージ,七〇二
1718.別表第一(1)第一号,清酒製造業,七〇二
1719.別表第一(1)第一号,歯科技工所,七〇二
1720.別表第一(1)第一号,公立学校の学校給食の事業,七〇三
1721.別表第一(1)第三号,,
1722.別表第一(1)第三号,都道府県土木出張所,七〇三
1723.別表第一(1)第四号,,
1724.別表第一(1)第四号,私鉄事業,七〇三
1725.別表第一(1)第六号,,
1726.別表第一(1)第六号,農林水産業における加工,七〇四
1727.別表第一(1)第七号,,
1728.別表第一(1)第七号,蚕種製造業,七〇四
1729.別表第一(1)第七号,蚕糸試験場、畜産試験場、農事試験場,七〇四
1730.別表第一(1)第八号,,
1731.別表第一(1)第八号,新聞社,七〇四
1732.別表第一(1)第十一号,,
1733.別表第一(1)第十一号,放送事業,七〇四
1734.別表第一(1)第十三号,,
1735.別表第一(1)第十三号,都道府県保健所,七〇四
1736.別表第一(1)第十三号,盲学校等の寄宿舎,七〇五
1737.別表第一(1)第十三号,児童相談所、女性相談所付設の一時保護施設,七〇五
1738.別表第一(1)第十三号,赤十字血液センター,七〇五
1739.別表第一(1)第十三号,社会福祉施設,七〇五
1740.別表第一(1)第十四号,,
1741.別表第一(1)第十四号,列車食堂,七〇六
1742.別表第一(1)第十四号,ボーリング場等の事業,七〇六
1743.別表第一(1)別表第一第一号から第十五号のいずれにも該当しない事業,,
1744.別表第一(1),家畜保健衛生所,七〇七
1745.別表第一(1),石油コンビナート等災害防止法に基づく災害防止事業,七〇七
1746.別表第一(2),個別企業、団体等への適用,七〇七
1747.別表第一(2),日本郵政公社の承継会社,七〇七
1748.別表第一(2),造幣局,七〇八
1749.別表第一(2),日本道路公団,七〇九
1750.別表第一(2),日本国有鉄道の承継法人及び日本国有鉄道清算事業団,七〇九
1751.別表第一(2),日本たばこ産業株式会社,七一一
1752.別表第一(2),国際電信電話株式会社,七一一
1753.別表第一(2),電力会社,七一二
1754.別表第一(2),日本通運,七一三
1755.別表第一(2),財団法人電気通信共済会,七一三
1756.別表第一(2),綜合警備保障株式会社,七一四
1757.別表第二,(身体障害等級及び災害補償表),七一五
1758.別表第二則別表第二,(身体障害等級表),
1759.別表第三,(分割補償表),七一九
1760.別表第三参考資料,,
1761.I,労働契約法関係,七二三
1762.I1,労働契約法,七二三
1763.I2,労働契約法第十八条第一項の通算契約期間に関する基準を定める省令,七二六
1764.I3,労働契約法の施行について,七二七
1765.II,労働者派遣法関係,七五六
1766.II1,労働者派遣事業の適正な運営の確保及び派遣労働者の就業条件の整備等に関する法律第三章第四節(労働基準法等の適用に関する特例等)の施行について,七五六
1767.II2,労働者派遣法第三章四節(労働基準法等の特例等)の規定に基づく派遣元・派遣先の使用者の責任区分,七六三
1768.III,労働時間等設定改善法関係,七六六
1769.III1,労働時間等見直しガイドライン(労働時間等設定改善指針),七六六
1770.III2,労働時間等の設定の改善に関する特p別措置法の施行について,七七七
1771.III3,労働時間等設定改善指針の改正について,七九三
1772.IV,パートタイム労働対策関係,七九八
1773.IV1,事業主が講ずべき短時間労働者の雇用管理の改善等に関する措置等についての指針,七九八
1774.IV2,短時間労働者の雇用管理の改善等に関する法律の一部を改正する法律の施行について,七九九
1775.索引巻末,,